date,value
2015-01-05,92.88
2015-01-12,92.82
2015-01-19,93.29
2015-01-26,93.48
2015-02-02,92.12
2015-02-09,90.84
2015-02-16,87.31
2015-02-23,87.19
2015-03-02,87.18
2015-03-09,84.73
2015-03-16,83.13
2015-03-23,83.15
2015-03-30,84.25
2015-04-06,85.51
2015-04-13,86.27
2015-04-20,86.84
2015-04-27,88.84
2015-05-04,90.12
2015-05-11,92.04
2015-05-18,95.57
2015-05-25,97.02
2015-06-01,98.79
2015-06-08,100.49
2015-06-15,101.94
2015-06-22,103.47
2015-06-29,105.18
2015-07-06,109.3
2015-07-13,113.9
2015-07-20,116.81
2015-07-27,119.69
2015-08-03,124.29
2015-08-10,127.58
2015-08-17,125.66
2015-08-24,125.57
2015-08-31,125.21
2015-09-07,125.86
2015-09-14,125.33
2015-09-21,121.6
2015-09-28,121.42
2015-10-05,121.42
2015-10-12,120.79
2015-10-19,119.02
2015-10-26,116.44
2015-11-02,114.7
2015-11-09,112.66
2015-11-16,111.86
2015-11-23,111.84
2015-11-30,113.79
2015-12-07,114.91
2015-12-14,115.98
2015-12-21,114.52
2015-12-28,113.78
2016-01-04,116.67
2016-01-11,121.03
2016-01-18,122.93
2016-01-25,123.09
2016-02-01,126.62
2016-02-08,127.62
2016-02-15,126.89
2016-02-22,127.25
2016-02-29,124.99
2016-03-07,127.86
2016-03-14,131.37
2016-03-21,133.81
2016-03-28,136.95
2016-04-04,137.69
2016-04-11,137.56
2016-04-18,138.23
2016-04-25,139.39
2016-05-02,140.72
2016-05-09,143.5
2016-05-16,142.95
2016-05-23,144.26
2016-05-30,145.76
2016-06-06,145.28
2016-06-13,144.82
2016-06-20,139.47
2016-06-27,136.88
2016-07-04,131.11
2016-07-11,129.17
2016-07-18,128.72
2016-07-25,127.3
2016-08-01,125.25
2016-08-08,126.43
2016-08-15,128.71
2016-08-22,127.96
2016-08-29,127.46
2016-09-05,127.82
2016-09-12,127.44
2016-09-19,125.98
2016-09-26,123.31
2016-10-03,119.37
2016-10-10,116.75
2016-10-17,109.97
2016-10-24,110.56
2016-10-31,112.18
2016-11-07,114.17
2016-11-14,115.07
2016-11-21,115.48
2016-11-28,115.9
2016-12-05,117.31
2016-12-12,119.04
2016-12-19,119.64
2016-12-26,119.0
2017-01-02,121.23
2017-01-09,125.71
2017-01-16,124.53
2017-01-23,123.55
2017-01-30,123.04
2017-02-06,122.68
2017-02-13,117.15
2017-02-20,116.25
2017-02-27,115.78
2017-03-06,114.39
2017-03-13,111.84
2017-03-20,109.17
2017-03-27,109.97
2017-04-03,109.95
2017-04-10,109.17
2017-04-17,108.25
2017-04-24,104.8
2017-05-01,102.07
2017-05-08,101.45
2017-05-15,98.41
2017-05-22,95.81
2017-05-29,93.47
2017-06-05,89.18
2017-06-12,89.91
2017-06-19,93.4
2017-06-26,93.38
2017-07-03,94.54
2017-07-10,94.92
2017-07-17,94.96
2017-07-24,94.5
2017-07-31,94.02
2017-08-07,95.64
2017-08-14,96.99
2017-08-21,97.64
2017-08-28,99.22
2017-09-04,99.47
2017-09-11,100.15
2017-09-18,99.28
2017-09-25,99.37
2017-10-02,98.54
2017-10-09,98.21
2017-10-16,98.27
2017-10-23,97.85
2017-10-30,97.93
2017-11-06,97.72
2017-11-13,97.97
2017-11-20,98.28
2017-11-27,98.49
2017-12-04,99.75
2017-12-11,102.37
2017-12-18,102.88
2017-12-25,102.92
2018-01-01,102.82
2018-01-08,104.04
2018-01-15,104.67
2018-01-22,103.71
2018-01-29,103.01
2018-02-05,100.33
2018-02-12,92.72
2018-02-26,88.52
2018-03-05,79.13
2018-03-12,78.38
2018-03-19,75.57
2018-03-26,70.41
2018-04-02,71.26
2018-04-09,71.82
2018-04-16,71.19
2018-04-23,70.6
2018-04-30,69.86
2018-05-07,68.94
2018-05-14,68.84
2018-05-21,69.46
2018-05-28,74.03
2018-06-04,77.66
2018-06-11,77.96
2018-06-18,79.26
2018-06-25,79.06
2018-07-02,78.75
2018-07-09,80.46
2018-07-16,86.07
2018-07-23,86.09
2018-07-30,90.62
2018-08-06,93.25
2018-08-13,95.69
2018-08-20,96.14
2018-08-27,94.32
2018-09-03,94.46
2018-09-10,98.66
2018-09-17,97.83
2018-09-24,95.63
2018-10-01,97.19
2018-10-08,96.21
2018-10-15,96.08
2018-10-22,93.16
2018-10-29,96.57
2018-11-05,95.1
2018-11-12,94.12
2018-11-19,93.38
2018-11-26,91.84
2018-12-03,92.86
2018-12-10,97.28
2018-12-17,97.7
2018-12-24,94.55
2018-12-31,92.6
2019-01-07,92.71
2019-01-14,90.67
2019-01-17,89.06
2019-01-21,84.79
2019-01-28,81.23
2019-02-18,88.29
2019-02-25,86.94
2019-03-04,85.66
2019-03-11,97.07
2019-03-18,106.27
2019-03-25,109.07
2019-04-01,107.67
2019-04-08,107.98
2019-04-15,105.93
2019-04-22,104.25
2019-04-29,105.66
2019-05-06,105.92
2019-05-13,106.56
2019-05-20,104.87
2019-05-27,105.43
2019-06-03,107.08
2019-06-10,111.75
2019-06-17,111.92
2019-06-24,117.39
2019-07-01,120.4
2019-07-08,115.32
2019-07-15,125.23
2019-07-22,131.28
2019-07-29,133.44
2019-08-05,138.54
2019-08-12,149.86
2019-08-19,168.55
2019-08-26,180.21
2019-09-02,192.35
2019-09-09,197.77
2019-09-16,202.14
2019-09-23,206.57
2019-09-30,202.85
2019-10-14,241.72
2019-10-21,258.81
2019-10-28,280.92
2019-11-04,285.79
2019-11-11,276.34
2019-11-18,245.68
2019-11-25,227.89
2019-12-02,231.71
2019-12-09,242.63
2019-12-16,237.78
2019-12-23,235.61
2019-12-30,236.56
2020-01-06,245.72
2020-01-13,252.09
2020-01-20,253.25
2020-02-10,259.56
2020-02-17,269.62
2020-02-24,269.69
2020-03-02,258.8
2020-03-09,253.59
2020-03-16,251.99
2020-03-23,250.29
2020-03-30,241.91
2020-04-06,235.45
2020-04-13,236.61
2020-04-20,236.2
2020-04-27,224.21
2020-05-04,223.68
2020-05-11,218.38
2020-05-18,192.87
2020-05-25,195.31
2020-06-01,205.75
2020-06-08,215.88
2020-06-15,224.62
2020-06-22,238.65
2020-06-29,242.94
2020-07-06,252.42
2020-07-13,264.41
2020-07-20,261.26
2020-07-27,258.65
2020-08-03,261.01
2020-08-10,263.05
2020-08-17,256.14
2020-08-24,258.09
2020-08-31,255.96
2020-09-07,255.2
2020-09-14,250.71
2020-09-21,243.0
2020-09-28,232.21
2020-10-12,218.87
2020-10-19,206.97
2020-10-26,205.33
2020-11-02,199.0
2020-11-09,204.5
2020-11-16,203.16
2020-11-23,203.62
2020-11-30,211.04
2020-12-07,227.81
2020-12-14,229.26
2020-12-21,235.53
2020-12-28,238.51
2021-01-04,248.24
2021-01-11,250.93
2021-01-18,250.17
2021-01-25,244.35
2021-02-01,234.8
2021-02-08,215.07
2021-03-01,193.74
2021-03-08,202.59
2021-03-15,196.2
2021-03-22,191.56
2021-03-29,182.93
2021-04-05,173.9
2021-04-12,152.51
2021-04-19,162.86
2021-04-26,161.07
2021-05-03,153.78
2021-05-10,143.62
2021-05-17,129.34
2021-05-24,127.06
2021-05-31,122.92
2021-06-07,111.24
2021-06-14,103.35
2021-06-21,92.73
2021-06-28,94.42
2021-07-05,111.42
2021-07-12,110.32
2021-07-19,106.95
2021-07-26,108.77
2021-08-02,106.43
2021-08-09,105.62
2021-08-16,104.21
2021-08-23,102.31
2021-09-06,96.37
2021-09-13,91.42
2021-09-20,86.14
2021-09-27,79.9
2021-10-18,84.52
2021-10-25,101.39
2021-11-01,113.02
2021-11-08,115.32
2021-11-15,121.49
2021-11-22,124.44
2021-11-29,127.9
2021-12-06,125.33
2021-12-13,118.77
2021-12-20,112.82
2021-12-27,111.06
2022-01-03,112.13
2022-01-10,105.44
2022-01-17,97.88
2022-01-24,98.46
2022-02-14,90.47
2022-02-21,85.72
2022-02-28,86.81
2022-03-07,86.86
2022-03-14,84.18
2022-03-21,81.9
2022-03-28,83.95
2022-04-04,86.36
2022-04-11,86.33
2022-04-18,87.11
2022-04-25,98.81
2022-05-02,102.47
2022-05-09,103.04
2022-05-16,106.37
2022-05-23,109.44
2022-05-30,109.94
2022-06-06,109.84
2022-06-13,109.97
2022-06-20,113.26
2022-06-27,119.71
2022-07-04,138.15
2022-07-11,158.42
2022-07-18,157.24
2022-07-25,155.38
2022-08-01,148.25
2022-08-08,151.2
2022-08-15,148.92
2022-08-22,150.0
2022-08-29,155.27
2022-09-05,162.48
2022-09-12,162.74
2022-09-19,164.55
2022-09-26,167.86
2022-10-03,169.15
2022-10-10,178.27
2022-10-17,189.27
2022-10-24,193.57
2022-10-31,185.18
2022-11-07,180.98
2022-11-14,170.49
2022-11-21,167.77
2022-11-28,157.23
2022-12-05,155.24
2022-12-12,148.73
2022-12-19,128.08
2022-12-26,112.03
2023-01-02,119.3
2023-01-09,105.46
2023-01-16,98.38
2023-02-06,96.32
2023-02-13,98.73
2023-02-20,103.34
2023-02-27,108.51
2023-03-06,109.38
2023-03-13,107.84
2023-03-20,104.51
2023-03-27,104.63
2023-04-03,102.11
2023-04-10,100.5
2023-04-17,97.88
2023-04-24,98.68
2023-05-01,101.72
2023-05-08,99.83
2023-05-15,99.06
2023-05-22,97.83
2023-05-29,99.13
2023-06-05,98.93
2023-06-12,98.84
2023-06-19,99.23
2023-06-26,97.96
2023-07-03,95.27
2023-07-10,97.36
2023-07-17,96.67
2023-07-24,97.46
2023-07-31,105.44
2023-08-07,118.84
2023-08-14,119.05
2023-08-21,118.16
2023-08-28,118.01
2023-09-04,117.83
2023-09-11,115.18
2023-09-18,114.45
2023-09-25,111.88
2023-10-16,106.4
2023-10-23,106.78
2023-10-30,102.03
2023-11-06,101.76
2023-11-13,101.14
2023-11-20,101.21
2023-11-27,101.83
2023-12-04,99.56
2023-12-11,96.68
2023-12-18,100.11
2023-12-25,100.58
2024-01-01,99.2
2024-01-08,96.67
2024-01-15,93.71
2024-01-22,95.77
2024-01-29,101.66
2024-02-05,107.08
2024-02-26,95.14
2024-03-04,96.85
2024-03-11,98.45
2024-03-18,100.62
2024-03-25,103.66
2024-04-01,105.25
2024-04-08,104.93
2024-04-15,105.43
2024-04-22,104.15
2024-04-29,103.54
2024-05-13,104.06
2024-05-20,106.04
2024-05-27,111.81
2024-06-03,119.86
2024-06-10,127.91
2024-06-17,129.27
2024-06-24,125.54
2024-07-01,121.51
2024-07-08,126.15
2024-07-15,129.48
2024-07-22,131.79
2024-07-29,132.84
2024-08-05,137.01
2024-08-12,143.56
2024-08-19,144.84
2024-08-26,139.87
2024-09-02,135.33
2024-09-09,137.88
2024-09-16,135.04
2024-09-23,129.69
2024-09-30,124.61
2024-10-14,124.67
2024-10-21,123.03
2024-10-28,121.66
2024-11-04,119.65
2024-11-11,116.77
2024-11-18,113.26
2024-11-25,112.43
2024-12-02,114.55
2024-12-09,110.76
2024-12-16,110.43
2024-12-23,108.21
2024-12-30,108.73
2025-01-06,111.76
2025-01-13,111.76
2025-01-20,107.72
2025-01-27,106.92
2025-02-10,104.87
2025-02-17,101.12
2025-02-24,103.02
2025-03-03,101.68
2025-03-10,101.46
2025-03-17,101.83
2025-03-24,101.85
2025-03-31,101.43
2025-04-07,101.64
2025-04-14,101.57
2025-04-21,103.39
2025-04-28,103.42
2025-05-12,102.58
2025-05-19,101.6
2025-05-26,99.72
2025-06-03,100.21
2025-06-09,98.19
2025-06-16,97.38
2025-06-23,98.94
2025-06-30,101.44
2025-07-07,105.96
2025-07-14,103.2
2025-07-21,100.01
2025-07-28,98.72
2025-08-04,97.56
2025-08-11,96.0
2025-08-18,95.44
2025-08-25,95.51
2025-09-01,94.69
2025-09-08,96.04
2025-09-15,92.35
2025-09-22,88.96
2025-09-29,86.39
2025-10-13,78.14
2025-10-20,76.14
2025-10-27,80.56
2025-11-03,85.69
2025-11-10,81.88
2025-11-17,80.85
2025-11-24,79.87
2025-12-01,77.94
2025-12-08,77.85
2025-12-15,79.1
2025-12-22,80.62
2025-12-29,81.15
2026-01-05,86.56
2026-01-12,87.06
2026-01-19,88.78
2026-01-26,90.36
2026-02-02,86.51
2026-02-09,83.83
2026-03-02,75.33
2026-03-09,71.9
2026-03-16,70.04
2026-03-23,69.02
2026-03-30,65.48
2026-04-07,63.63
2026-04-13,61.14
2026-04-20,62.01
2026-04-27,68.1
2026-05-11,67.43
2026-05-25,66.45
2026-06-01,66.32
2026-06-08,66.2
2026-06-15,65.66
2026-06-23,66.25
2026-06-29,65.18
2026-07-06,71.87
2026-07-13,78.03
2026-07-20,75.76
2026-07-27,72.9
2026-08-03,71.55
2026-08-10,72.67
2026-08-17,75.52
2026-08-24,77.18
2026-08-31,75.51
