date,margin_balance
2010-03-31,5824813
2010-04-01,6842114
2010-04-02,6762781
2010-04-06,10091243
2010-04-07,25086826
2010-04-08,30233781
2010-04-09,50663640
2010-04-12,89060984
2010-04-13,92169145
2010-04-14,89480507
2010-04-15,103099287
2010-04-16,121064474
2010-04-19,112783831
2010-04-20,116673356
2010-04-21,127565065
2010-04-22,157219058
2010-04-23,152902064
2010-04-26,182090321
2010-04-27,202494937
2010-04-28,223249365
2010-04-29,233030157
2010-04-30,235526412
2010-05-04,242846863
2010-05-05,277495916
2010-05-06,314003383
2010-05-07,309938569
2010-05-10,327370089
2010-05-11,350667983
2010-05-12,376113669
2010-05-13,393357604
2010-05-14,415983876
2010-05-17,473201524
2010-05-18,467622771
2010-05-19,475810742
2010-05-20,486806982
2010-05-21,503728469
2010-05-24,534671504
2010-05-25,562759014
2010-05-26,565966886
2010-05-27,604281887
2010-05-28,633696229
2010-05-31,629837529
2010-06-01,639998626
2010-06-02,653397284
2010-06-03,675126222
2010-06-04,680721701
2010-06-07,685693950
2010-06-08,697311113
2010-06-09,785253681
2010-06-10,793255677
2010-06-11,782619926
2010-06-17,802191743
2010-06-18,819295645
2010-06-21,859456754
2010-06-22,867189284
2010-06-23,842719148
2010-06-24,866091036
2010-06-25,877045659
2010-06-28,907046989
2010-06-29,901933545
2010-06-30,908521076
2010-07-01,928736463
2010-07-02,946500624
2010-07-05,1035344028
2010-07-06,1057442951
2010-07-07,1064383786
2010-07-08,1102548838
2010-07-09,1170639291
2010-07-12,1222983113
2010-07-13,1311949508
2010-07-14,1263477734
2010-07-15,1287501800
2010-07-16,1319305043
2010-07-19,1303905018
2010-07-20,1440850708
2010-07-21,1472317314
2010-07-22,1498641789
2010-07-23,1539431335
2010-07-26,1551684452
2010-07-27,1580807913
2010-07-28,1583742413
2010-07-29,1531824312
2010-07-30,1552855454
2010-08-02,1640972044
2010-08-03,1664552954
2010-08-04,1709199891
2010-08-05,1775576845
2010-08-06,1802240599
2010-08-09,1841103737
2010-08-10,1869121672
2010-08-11,1903636176
2010-08-12,1917657100
2010-08-13,1946004866
2010-08-16,2011265809
2010-08-17,2052174441
2010-08-18,2085438731
2010-08-19,2111575425
2010-08-20,2116441794
2010-08-23,2141737847
2010-08-24,2213911577
2010-08-25,2190791657
2010-08-26,2194536639
2010-08-27,2220473978
2010-08-30,2285460219
2010-08-31,2307041382
2010-09-01,2322415396
2010-09-02,2367547449
2010-09-03,2347176762
2010-09-06,2387662569
2010-09-07,2414136562
2010-09-08,2493160533
2010-09-09,2568993058
2010-09-10,2568640986
2010-09-13,2621304462
2010-09-14,2618194471
2010-09-15,2614204191
2010-09-16,2631809132
2010-09-17,2668066420
2010-09-20,2736068769
2010-09-21,2724501690
2010-09-27,2778508977
2010-09-28,2795750305
2010-09-29,2821582317
2010-09-30,2846908595
2010-10-08,2879844623
2010-10-11,2854342169
2010-10-12,2911633870
2010-10-13,2945491873
2010-10-14,3012610812
2010-10-15,3074262298
2010-10-18,3152329327
2010-10-19,3288583583
2010-10-20,3449163925
2010-10-21,3596853448
2010-10-22,3755121466
2010-10-25,3936580107
2010-10-26,4071030302
2010-10-27,4269896802
2010-10-28,4324880974
2010-10-29,4296990516
2010-11-01,4341749551
2010-11-02,4470409233
2010-11-03,4579337355
2010-11-04,4687431943
2010-11-05,4878634897
2010-11-08,5205338554
2010-11-09,5427122250
2010-11-10,5669380056
2010-11-11,5772737492
2010-11-12,5535208139
2010-11-15,5777852641
2010-11-16,5759550131
2010-11-17,5816759463
2010-11-18,5825398138
2010-11-19,5603612499
2010-11-23,5739500620
2010-11-24,5822662043
2010-11-25,5970633357
2010-11-26,5903402929
2010-11-29,5929259556
2010-11-30,5936566231
2010-12-01,5937744337
2010-12-02,5997821790
2010-12-03,6090572316
2010-12-06,6164097438
2010-12-07,6265658521
2010-12-08,6287597522
2010-12-09,6527614801
2010-12-10,6644591506
2010-12-13,7209404871
2010-12-14,7373777616
2010-12-15,7462794030
2010-12-16,7542711921
2010-12-17,7493201511
2010-12-20,7435701311
2010-12-21,7564667757
2010-12-22,7776178311
2010-12-23,7817500749
2010-12-24,7897318010
2010-12-27,7980334051
2010-12-28,8010109091
2010-12-29,8146359995
2010-12-30,8220105721
2010-12-31,8427486678
2011-01-04,8516136811
2011-01-05,8596471915
2011-01-06,8727223150
2011-01-07,8690038014
2011-01-10,8758781466
2011-01-11,8667104852
2011-01-12,8710801634
2011-01-13,8754029313
2011-01-14,8769493796
2011-01-17,8821400941
2011-01-18,8981757570
2011-01-19,9087977825
2011-01-20,9086647897
2011-01-21,9102872273
2011-01-24,9177837418
2011-01-25,9220062356
2011-01-26,9349795135
2011-01-27,9429095585
2011-01-28,9469502833
2011-01-31,9583910868
2011-02-01,9402454012
2011-02-09,9589509907
2011-02-10,9740914093
2011-02-11,9771176484
2011-02-14,9715701377
2011-02-15,9596234682
2011-02-16,9792654830
2011-02-17,10032421759
2011-02-18,10157728964
2011-02-21,10315577822
2011-02-22,10525272993
2011-02-23,10619583455
2011-02-24,10796619793
2011-02-25,10858082464
2011-02-28,10886936320
2011-03-01,10924143093
2011-03-02,11009415972
2011-03-03,11046130055
2011-03-04,11147027377
2011-03-07,11378560775
2011-03-08,11521780981
2011-03-09,11615540852
2011-03-10,11749387072
2011-03-11,11973484849
2011-03-14,12144451877
2011-03-15,12234504116
2011-03-16,12214737047
2011-03-17,12128220239
2011-03-18,12177302266
2011-03-21,12286615929
2011-03-22,12389914708
2011-03-23,12473138104
2011-03-24,12569889147
2011-03-25,12645793482
2011-03-28,12747132404
2011-03-29,13000571572
2011-03-30,13114336973
2011-03-31,13389814034
2011-04-01,13397963410
2011-04-06,13311929130
2011-04-07,13456816257
2011-04-08,13663436042
2011-04-11,14042989427
2011-04-12,14507155762
2011-04-13,14822054819
2011-04-14,14893886634
2011-04-15,14964312035
2011-04-18,15115565632
2011-04-19,15113883362
2011-04-20,15422476966
2011-04-21,15678896887
2011-04-22,15747595484
2011-04-25,15674614639
2011-04-26,15631632543
2011-04-27,15650190523
2011-04-28,15496163903
2011-04-29,15489352748
2011-05-03,15460738148
2011-05-04,15343903210
2011-05-05,15244339467
2011-05-06,15121981644
2011-05-09,15232374677
2011-05-10,15395985663
2011-05-11,15401083312
2011-05-12,15577419319
2011-05-13,15708129071
2011-05-16,15719819800
2011-05-17,15929011870
2011-05-18,16108290447
2011-05-19,16077648730
2011-05-20,16152695129
2011-05-23,16098875769
2011-05-24,16214417437
2011-05-25,16283881810
2011-05-26,16341680214
2011-05-27,16191808615
2011-05-30,16213113108
2011-05-31,16438326942
2011-06-01,16497676967
2011-06-02,16686353331
2011-06-03,16651911918
2011-06-07,16632529204
2011-06-08,16637485175
2011-06-09,16652969254
2011-06-10,16706872250
2011-06-13,16526574094
2011-06-14,16495870887
2011-06-15,16604120197
2011-06-16,16725857941
2011-06-17,15996336369
2011-06-20,16237528175
2011-06-21,16298026991
2011-06-22,16340605968
2011-06-23,16344099381
2011-06-24,16292288301
2011-06-27,16488029126
2011-06-28,16606989920
2011-06-29,16809796611
2011-06-30,17124281108
2011-07-01,17284258925
2011-07-04,17323611660
2011-07-05,17383762436
2011-07-06,17663982481
2011-07-07,17758752144
2011-07-08,17776243573
2011-07-11,17917092953
2011-07-12,17997153779
2011-07-13,18208652416
2011-07-14,18255187388
2011-07-15,18253511171
2011-07-18,18533214237
2011-07-19,18721052787
2011-07-20,18904053734
2011-07-21,19064469706
2011-07-22,19089884281
2011-07-25,19407400892
2011-07-26,19521197009
2011-07-27,19723552899
2011-07-28,19687768485
2011-07-29,19559824766
2011-08-01,19710659516
2011-08-02,19875147783
2011-08-03,19947338610
2011-08-04,19916978654
2011-08-05,19903220315
2011-08-08,19965951464
2011-08-09,19958893276
2011-08-10,19891797252
2011-08-11,19853845619
2011-08-12,19780555772
2011-08-15,19900155759
2011-08-16,19938522613
2011-08-17,20020240955
2011-08-18,20125765773
2011-08-19,20074117205
2011-08-22,20104631668
2011-08-23,20161763673
2011-08-24,20148223867
2011-08-25,19909811437
2011-08-26,20109341830
2011-08-29,20496342307
2011-08-30,20749898186
2011-08-31,20893312611
2011-09-01,20898889032
2011-09-02,20901163881
2011-09-05,21003486998
2011-09-06,21068944086
2011-09-07,21042304936
2011-09-08,21114896834
2011-09-09,21041870266
2011-09-13,21122136936
2011-09-14,21050929175
2011-09-15,20996390466
2011-09-16,21020934154
2011-09-19,21103835093
2011-09-20,21181592617
2011-09-21,21080852830
2011-09-22,21403223921
2011-09-23,21359329274
2011-09-26,21304984798
2011-09-27,21442994144
2011-09-28,21285200989
2011-09-29,21137792643
2011-09-30,20678257223
2011-10-10,20500158665
2011-10-11,20324309699
2011-10-12,20430753257
2011-10-13,20543903238
2011-10-14,20400802814
2011-10-17,20300361995
2011-10-18,20246908676
2011-10-19,20242841224
2011-10-20,20274135425
2011-10-21,20077609862
2011-10-24,19813181984
2011-10-25,19857163052
2011-10-26,19786668727
2011-10-27,19930731684
2011-10-28,19749284408
2011-10-31,19901349449
2011-11-01,20008002941
2011-11-02,20094724795
2011-11-03,20365235328
2011-11-04,20425574366
2011-11-07,20693207005
2011-11-08,20904972932
2011-11-09,21137377041
2011-11-10,21382370001
2011-11-11,21345143945
2011-11-14,21472109836
2011-11-15,21642895602
2011-11-16,22079287311
2011-11-17,22110549167
2011-11-18,22128264632
2011-11-21,22261866663
2011-11-22,22340596474
2011-11-23,22381342035
2011-11-24,22421973306
2011-11-25,22400850427
2011-11-28,22494897616
2011-11-29,22518644243
2011-11-30,22466452028
2011-12-01,22299466764
2011-12-02,22267766625
2011-12-05,22379650562
2011-12-06,22413359472
2011-12-07,22449261088
2011-12-08,22528992922
2011-12-09,22507138358
2011-12-12,22525065787
2011-12-13,22643584951
2011-12-14,22710676753
2011-12-15,22829426940
2011-12-16,22960970432
2011-12-19,23160945470
2011-12-20,23215304975
2011-12-21,23213182571
2011-12-22,23156209497
2011-12-23,23022628028
2011-12-26,23097117469
2011-12-27,23125457645
2011-12-28,23227075749
2011-12-29,23261484479
2011-12-30,23163493473
2012-01-04,23086161879
2012-01-05,22871007499
2012-01-06,22974795499
2012-01-09,22853440665
2012-01-10,22773950655
2012-01-11,22869720240
2012-01-12,22781226572
2012-01-13,22674391245
2012-01-16,22638911372
2012-01-17,22582606058
2012-01-18,22564638461
2012-01-19,22161798417
2012-01-20,21088647331
2012-01-30,21653344631
2012-01-31,22014346641
2012-02-01,22366485298
2012-02-02,22396236472
2012-02-03,22515446802
2012-02-06,22784517940
2012-02-07,23313248252
2012-02-08,23304347745
2012-02-09,23364280534
2012-02-10,23186699954
2012-02-13,23608213305
2012-02-14,23860965648
2012-02-15,24179753364
2012-02-16,24491754154
2012-02-17,24478237341
2012-02-20,24772829932
2012-02-21,24969797018
2012-02-22,25223728541
2012-02-23,25509973452
2012-02-24,25607219924
2012-02-27,25953096751
2012-02-28,26173607268
2012-02-29,26421186475
2012-03-01,26693098407
2012-03-02,27048735068
2012-03-05,27545673775
2012-03-06,27925437822
2012-03-07,28322835473
2012-03-08,28553279578
2012-03-09,28698907823
2012-03-12,29313541336
2012-03-13,29506123404
2012-03-14,29962495014
2012-03-15,30030622336
2012-03-16,30040251162
2012-03-19,30589579776
2012-03-20,30881415456
2012-03-21,31184318827
2012-03-22,31258610141
2012-03-23,31324525878
2012-03-26,31310255462
2012-03-27,31652995174
2012-03-28,31725359177
2012-03-29,31466692094
2012-03-30,30855059829
2012-04-05,31036889547
2012-04-06,31203189503
2012-04-09,31312683905
2012-04-10,31315108010
2012-04-11,31650530805
2012-04-12,31658371384
2012-04-13,31321457781
2012-04-16,31551930384
2012-04-17,31701763328
2012-04-18,31713063485
2012-04-19,31763708953
2012-04-20,31697962487
2012-04-23,31919290664
2012-04-24,31886526859
2012-04-25,32022808570
2012-04-26,32207563433
2012-04-27,31996092316
2012-05-02,32374252299
2012-05-03,32914444024
2012-05-04,32929079712
2012-05-07,33467500884
2012-05-08,33893622504
2012-05-09,34451948648
2012-05-10,35040860645
2012-05-11,35115705765
2012-05-14,35628803242
2012-05-15,36152562663
2012-05-16,36779217694
2012-05-17,36787680964
2012-05-18,36821357488
2012-05-21,37126490787
2012-05-22,37079833553
2012-05-23,37072055664
2012-05-24,37528312047
2012-05-25,37535963602
2012-05-28,37598761062
2012-05-29,37676358273
2012-05-30,37985520066
2012-05-31,38363704389
2012-06-01,38393016442
2012-06-04,39201386102
2012-06-05,39341792121
2012-06-06,39585278444
2012-06-07,39824344326
2012-06-08,39719820736
2012-06-11,39915091233
2012-06-12,40118853209
2012-06-13,40366154559
2012-06-14,40463725268
2012-06-15,40424538156
2012-06-18,40774082626
2012-06-19,40959301472
2012-06-20,40971366211
2012-06-21,41216039765
2012-06-25,41328073117
2012-06-26,41366843299
2012-06-27,41452187393
2012-06-28,41554211158
2012-06-29,41352503305
2012-07-02,41651551679
2012-07-03,41775297474
2012-07-04,41979741991
2012-07-05,41980089686
2012-07-06,42071500783
2012-07-09,42433217425
2012-07-10,42677890401
2012-07-11,42763477754
2012-07-12,42958440250
2012-07-13,42995301769
2012-07-16,42954857532
2012-07-17,42850583006
2012-07-18,43001260903
2012-07-19,43133376716
2012-07-20,43293277130
2012-07-23,43520903617
2012-07-24,43673831708
2012-07-25,43628637939
2012-07-26,43605874770
2012-07-27,43546606535
2012-07-30,43600788260
2012-07-31,43397313276
2012-08-01,43473512880
2012-08-02,43560657150
2012-08-03,43644324473
2012-08-06,43983961626
2012-08-07,44381161170
2012-08-08,44382355250
2012-08-09,44655608409
2012-08-10,44448470277
2012-08-13,44805453973
2012-08-14,45090974216
2012-08-15,45370226843
2012-08-16,45507584487
2012-08-17,45527705227
2012-08-20,45688473487
2012-08-21,45866054150
2012-08-22,46048682213
2012-08-23,46197832033
2012-08-24,45979785983
2012-08-27,45733961176
2012-08-28,45822985926
2012-08-29,45764570771
2012-08-30,45665093836
2012-08-31,45671816226
2012-09-03,45954941545
2012-09-04,46165761015
2012-09-05,46434490498
2012-09-06,46734326953
2012-09-07,46551429029
2012-09-10,47126249677
2012-09-11,47897803829
2012-09-12,48462868314
2012-09-13,48798184410
2012-09-14,48670194775
2012-09-17,49040117321
2012-09-18,49256955701
2012-09-19,49533570717
2012-09-20,49793080866
2012-09-21,49751841324
2012-09-24,49922439548
2012-09-25,49668053926
2012-09-26,49560420336
2012-09-27,48907506409
2012-09-28,47592602099
2012-10-08,48264741771
2012-10-09,48396852337
2012-10-10,48919543554
2012-10-11,49440483610
2012-10-12,49448638952
2012-10-15,49663180778
2012-10-16,49763747191
2012-10-17,50073315146
2012-10-18,49898366599
2012-10-19,49690327417
2012-10-22,49878708176
2012-10-23,50268571335
2012-10-24,50553991724
2012-10-25,50925458666
2012-10-26,51310726506
2012-10-29,51689038799
2012-10-30,51501871483
2012-10-31,51559113178
2012-11-01,51237157202
2012-11-02,51130702397
2012-11-05,51362279911
2012-11-06,51683392819
2012-11-07,51842199361
2012-11-08,51702911891
2012-11-09,51496481543
2012-11-12,51537026715
2012-11-13,51621569073
2012-11-14,51742932659
2012-11-15,51834437830
2012-11-16,51842436713
2012-11-19,52136377757
2012-11-20,52232906651
2012-11-21,52338359165
2012-11-22,52326315202
2012-11-23,52163842479
2012-11-26,52224867623
2012-11-27,52059352556
2012-11-28,51839015969
2012-11-29,51590830813
2012-11-30,51380781508
2012-12-03,50979389957
2012-12-04,50719310027
2012-12-05,50824143024
2012-12-06,51239355809
2012-12-07,51153092419
2012-12-10,51306934372
2012-12-11,51868905998
2012-12-12,52377520737
2012-12-13,52669288553
2012-12-14,52791881649
2012-12-17,53571995017
2012-12-18,54408074635
2012-12-19,54931071842
2012-12-20,55689600270
2012-12-21,56447787112
2012-12-24,57128889679
2012-12-25,57544359600
2012-12-26,58354981334
2012-12-27,59152544022
2012-12-28,59294670143
2012-12-31,59014161465
2013-01-04,60785480318
2013-01-07,62235629990
2013-01-08,63304834290
2013-01-09,64195114532
2013-01-10,65288113087
2013-01-11,65761864960
2013-01-14,66993937995
2013-01-15,68086057649
2013-01-16,69257047349
2013-01-17,70577250953
2013-01-18,70367079826
2013-01-21,71876409211
2013-01-22,73300956177
2013-01-23,74367360145
2013-01-24,74826755422
2013-01-25,74656422784
2013-01-28,75824006707
2013-01-29,77370649389
2013-01-30,79109519537
2013-01-31,80012584798
2013-02-01,79974275475
2013-02-04,82305911782
2013-02-05,83842570892
2013-02-06,85266773477
2013-02-07,86663004886
2013-02-08,84932368202
2013-02-18,87926525532
2013-02-19,89876334442
2013-02-20,90333744696
2013-02-21,91468231688
2013-02-22,91592282645
2013-02-25,92421928218
2013-02-26,94033826662
2013-02-27,94762628748
2013-02-28,94814148222
2013-03-01,95606134303
2013-03-04,97426076304
2013-03-05,98534885455
2013-03-06,99945597555
2013-03-07,101488438654
2013-03-08,101901925034
2013-03-11,102821772759
2013-03-12,102711768682
2013-03-13,104108557626
2013-03-14,104874569425
2013-03-15,105626987105
2013-03-18,106238513278
2013-03-19,106755434421
2013-03-20,107196193138
2013-03-21,108019003348
2013-03-22,108591092977
2013-03-25,109877567428
2013-03-26,111035476296
2013-03-27,112137310840
2013-03-28,113187084739
2013-03-29,112888053998
2013-04-01,113635641259
2013-04-02,114124843819
2013-04-03,113947874189
2013-04-08,115054289211
2013-04-09,115626276701
2013-04-10,115776352843
2013-04-11,116103113411
2013-04-12,115950047834
2013-04-15,116037778763
2013-04-16,116263244718
2013-04-17,117144800742
2013-04-18,117671674605
2013-04-19,117698737075
2013-04-22,119391719252
2013-04-23,120768319189
2013-04-24,121552670270
2013-04-25,122009589488
2013-04-26,121166321228
2013-05-02,122197863473
2013-05-03,121887004198
2013-05-06,123361128607
2013-05-07,124270338683
2013-05-08,124888103709
2013-05-09,126419196551
2013-05-10,126740444825
2013-05-13,128164330004
2013-05-14,129517780377
2013-05-15,130323971618
2013-05-16,131622975578
2013-05-17,131417103569
2013-05-20,133091760357
2013-05-21,134817899289
2013-05-22,136139858373
2013-05-23,138316858947
2013-05-24,138984769078
2013-05-27,140820346371
2013-05-28,141777400469
2013-05-29,143149532749
2013-05-30,144688843185
2013-05-31,145252249948
2013-06-03,147120806309
2013-06-04,148442795180
2013-06-05,148965564717
2013-06-06,149151822571
2013-06-07,148108787978
2013-06-13,149005277420
2013-06-14,148836812594
2013-06-17,150422821027
2013-06-18,151212539265
2013-06-19,152169383198
2013-06-20,152880634081
2013-06-21,152615187662
2013-06-24,150897063226
2013-06-25,147919911357
2013-06-26,148060353548
2013-06-27,146817016731
2013-06-28,145646592122
2013-07-01,145470354637
2013-07-02,145793434860
2013-07-03,146331396911
2013-07-04,146431475969
2013-07-05,146113979021
2013-07-08,145461882454
2013-07-09,145223927180
2013-07-10,145468426190
2013-07-11,144993447524
2013-07-12,145732591370
2013-07-15,146480487307
2013-07-16,147690127651
2013-07-17,147809024524
2013-07-18,148720424372
2013-07-19,147876128209
2013-07-22,148324934682
2013-07-23,148858609892
2013-07-24,149279195818
2013-07-25,149232789418
2013-07-26,148875607683
2013-07-29,149188477758
2013-07-30,149207743996
2013-07-31,149420127021
2013-08-01,149555722683
2013-08-02,148969271079
2013-08-05,149397053080
2013-08-06,149657184867
2013-08-07,150260238669
2013-08-08,151421916796
2013-08-09,151564666504
2013-08-12,151556419573
2013-08-13,152674633346
2013-08-14,152811481913
2013-08-15,153382068990
2013-08-16,154515208872
2013-08-19,154828299983
2013-08-20,155661493166
2013-08-21,156834706420
2013-08-22,157187498032
2013-08-23,157206691091
2013-08-26,158142844823
2013-08-27,159897225927
2013-08-28,162036114549
2013-08-29,163646162418
2013-08-30,162731361276
2013-09-02,164203170766
2013-09-03,163836243571
2013-09-04,164744972424
2013-09-05,165979329356
2013-09-06,166841574757
2013-09-09,170263953063
2013-09-10,173742910141
2013-09-11,175218296628
2013-09-12,178704168813
2013-09-13,180047463400
2013-09-16,182712428747
2013-09-17,184432606809
2013-09-18,183564952864
2013-09-23,186139026272
2013-09-24,187832693086
2013-09-25,188780192009
2013-09-26,189696837512
2013-09-27,189444140376
2013-09-30,187007772810
2013-10-08,190620546052
2013-10-09,193433461807
2013-10-10,195962993170
2013-10-11,197583295389
2013-10-14,200189301778
2013-10-15,202446094767
2013-10-16,202459072287
2013-10-17,203294640806
2013-10-18,202632187972
2013-10-21,204341953702
2013-10-22,205600238723
2013-10-23,205582514365
2013-10-24,206258104969
2013-10-25,206294779848
2013-10-28,207060004715
2013-10-29,205671288019
2013-10-30,205960182509
2013-10-31,205743564821
2013-11-01,204392050866
2013-11-04,205076226328
2013-11-05,205472045476
2013-11-06,205683423245
2013-11-07,205764221280
2013-11-08,205288449011
2013-11-11,205042273510
2013-11-12,204586680613
2013-11-13,203714786414
2013-11-14,204094642394
2013-11-15,204613488552
2013-11-18,206617132564
2013-11-19,208019451901
2013-11-20,209551620382
2013-11-21,210072572200
2013-11-22,209874858137
2013-11-25,210513952379
2013-11-26,211631484011
2013-11-27,212898156243
2013-11-28,213683293087
2013-11-29,214338911415
2013-12-02,214501095497
2013-12-03,215434592177
2013-12-04,217474470295
2013-12-05,218992823965
2013-12-06,219018926924
2013-12-09,219870191278
2013-12-10,220430882924
2013-12-11,221251487178
2013-12-12,221822316366
2013-12-13,222160998519
2013-12-16,222639526363
2013-12-17,223119201208
2013-12-18,223477645995
2013-12-19,223938461000
2013-12-20,224521974124
2013-12-23,224630867846
2013-12-24,224885880852
2013-12-25,225648698731
2013-12-26,226080169376
2013-12-27,226225117946
2013-12-30,227841453605
2013-12-31,227978800560
2014-01-02,228710320652
2014-01-03,228595221625
2014-01-06,228761343756
2014-01-07,228638358705
2014-01-08,229156113820
2014-01-09,230020088540
2014-01-10,229737294553
2014-01-13,229499201270
2014-01-14,229311743389
2014-01-15,229811843792
2014-01-16,230060965821
2014-01-17,230412377549
2014-01-20,230791913661
2014-01-21,230777571850
2014-01-22,231326049737
2014-01-23,231945821615
2014-01-24,231774564282
2014-01-27,232466131188
2014-01-28,231923649468
2014-01-29,230617999048
2014-01-30,227890201770
2014-02-07,230299148177
2014-02-10,233894222460
2014-02-11,237113578259
2014-02-12,239798698269
2014-02-13,242214544627
2014-02-14,242428321403
2014-02-17,244480638839
2014-02-18,246823602738
2014-02-19,248756501420
2014-02-20,249861080842
2014-02-21,249701725590
2014-02-24,250050968636
2014-02-25,249672061830
2014-02-26,250664112715
2014-02-27,250675886815
2014-02-28,250685575955
2014-03-03,251983073596
2014-03-04,252351780621
2014-03-05,253240132979
2014-03-06,253730966768
2014-03-07,253050872759
2014-03-10,252414971026
2014-03-11,252038649300
2014-03-12,251945854288
2014-03-13,252761075051
2014-03-14,252331071010
2014-03-17,253043587759
2014-03-18,254150400180
2014-03-19,255575562621
2014-03-20,255559503792
2014-03-21,255770666920
2014-03-24,257147141519
2014-03-25,258315904924
2014-03-26,259400663608
2014-03-27,260095867854
2014-03-28,259105897661
2014-03-31,258890954278
2014-04-01,258455252144
2014-04-02,258348609225
2014-04-03,259439552720
2014-04-04,258587521605
2014-04-08,259332941260
2014-04-09,260538989557
2014-04-10,262944130727
2014-04-11,262883689026
2014-04-14,264564175463
2014-04-15,266244836275
2014-04-16,266555259816
2014-04-17,266776778235
2014-04-18,266499969446
2014-04-21,266692676276
2014-04-22,266870388802
2014-04-23,267460402473
2014-04-24,266725968953
2014-04-25,265576759765
2014-04-28,264627794987
2014-04-29,263634326264
2014-04-30,262009980050
2014-05-05,263125449389
2014-05-06,263870108487
2014-05-07,263849484060
2014-05-08,263640476055
2014-05-09,262894808767
2014-05-12,263336148453
2014-05-13,263875665230
2014-05-14,263785295626
2014-05-15,263365496848
2014-05-16,262504748253
2014-05-19,262978461564
2014-05-20,263329869576
2014-05-21,263711250561
2014-05-22,263285667241
2014-05-23,262179721956
2014-05-26,261798286090
2014-05-27,262184505749
2014-05-28,262495558871
2014-05-29,261867723917
2014-05-30,260267422226
2014-06-03,259934197396
2014-06-04,259577930516
2014-06-05,258996504218
2014-06-06,258783819562
2014-06-09,258813086318
2014-06-10,258915454209
2014-06-11,259331157651
2014-06-12,260095159980
2014-06-13,259234464249
2014-06-16,259830180798
2014-06-17,261262566962
2014-06-18,263464984389
2014-06-19,264416711355
2014-06-20,264462000733
2014-06-23,264423995477
2014-06-24,264557736440
2014-06-25,264826122031
2014-06-26,263901777459
2014-06-27,262843748934
2014-06-30,263735543924
2014-07-01,264607937184
2014-07-02,265240147977
2014-07-03,265974898727
2014-07-04,265436852269
2014-07-07,266651924011
2014-07-08,267771059963
2014-07-09,268976908835
2014-07-10,270150328048
2014-07-11,270336177205
2014-07-14,271692944012
2014-07-15,272382809571
2014-07-16,273677477762
2014-07-17,274021765613
2014-07-18,273067071370
2014-07-21,272800679038
2014-07-22,273882387833
2014-07-23,275745037661
2014-07-24,277337816759
2014-07-25,276338715895
2014-07-28,275792314276
2014-07-29,277436563438
2014-07-30,281191829508
2014-07-31,283472878022
2014-08-01,282807951055
2014-08-04,285698012007
2014-08-05,288090413294
2014-08-06,291615855527
2014-08-07,294718230086
2014-08-08,295837518089
2014-08-11,297415010530
2014-08-12,300455598098
2014-08-13,304160550816
2014-08-14,307293179271
2014-08-15,308505667412
2014-08-18,311144915581
2014-08-19,314000082686
2014-08-20,316919893355
2014-08-21,319781417111
2014-08-22,320712615102
2014-08-25,322692875254
2014-08-26,324639044384
2014-08-27,327033468171
2014-08-28,331974283614
2014-08-29,333028014188
2014-09-01,334993392377
2014-09-02,334304257645
2014-09-03,334451881572
2014-09-04,337616642418
2014-09-09,342444319645
2014-09-10,347084945437
2014-09-11,351356901278
2014-09-12,354592937514
2014-09-15,360155185805
2014-09-16,364561939383
2014-09-17,368035491871
2014-09-18,371022528916
2014-09-19,371414736256
2014-09-22,377641662610
2014-09-23,380499940014
2014-09-24,388077718595
2014-09-25,393151191091
2014-09-26,395131055448
2014-09-29,393042488212
2014-09-30,386227534354
2014-10-08,397396842118
2014-10-09,403598187437
2014-10-10,407459730065
2014-10-13,413817989559
2014-10-14,417913475124
2014-10-15,422266917101
2014-10-16,424530873677
2014-10-17,425311288395
2014-10-20,427824766563
2014-10-21,430306864259
2014-10-22,432871031115
2014-10-23,436985726360
2014-10-24,439035804092
2014-10-27,441744151692
2014-10-28,440302363994
2014-10-29,439652493432
2014-10-30,443442891214
2014-10-31,444331032561
2014-11-03,449802419175
2014-11-04,453445058673
2014-11-05,456679655698
2014-11-06,460287164514
2014-11-07,460794750926
2014-11-10,464090522420
2014-11-11,468511764722
2014-11-12,471792706194
2014-11-13,474102238964
2014-11-14,474451979124
2014-11-17,476797912474
2014-11-18,479387054532
2014-11-19,481691069603
2014-11-20,483384872787
2014-11-21,485787498700
2014-11-24,499260287798
2014-11-25,509781678532
2014-11-26,518602496677
2014-11-27,522913808670
2014-11-28,528992449890
2014-12-01,538392930415
2014-12-02,545712569004
2014-12-03,552052549201
2014-12-04,569429142951
2014-12-05,575483801438
2014-12-08,595995563719
2014-12-09,605492638583
2014-12-10,614042935191
2014-12-11,617381768756
2014-12-12,619376064853
2014-12-15,628731166297
2014-12-16,637958256722
2014-12-17,648449628389
2014-12-18,657356997782
2014-12-19,667260348402
2014-12-22,670595742509
2014-12-23,669005263570
2014-12-24,667220851499
2014-12-25,672974233665
2014-12-26,678646298701
2014-12-29,687678463441
2014-12-30,691781993774
2014-12-31,690304859709
2015-01-05,700007355731
2015-01-06,707391292198
2015-01-07,715729306750
2015-01-08,718485280095
2015-01-09,726400724109
2015-01-12,735878164519
2015-01-13,740893116001
2015-01-14,749750725573
2015-01-15,762382827637
2015-01-16,766660200847
2015-01-19,752047988453
2015-01-20,750762421151
2015-01-21,754595954233
2015-01-22,761668956446
2015-01-23,766038511313
2015-01-26,771373532853
2015-01-27,773837742011
2015-01-28,775933490835
2015-01-29,777561647997
2015-01-30,773977698926
2015-02-02,774866786825
2015-02-03,773741930732
2015-02-04,774770652233
2015-02-05,777970437249
2015-02-06,779641865766
2015-02-09,786747284226
2015-02-10,797891845821
2015-02-11,805111175134
2015-02-12,804093283315
2015-02-13,779162373527
2015-02-16,772980408663
2015-02-17,753461212526
2015-02-25,770968145360
2015-02-26,778901920692
2015-02-27,780843947820
2015-03-02,792791389697
2015-03-03,804100125942
2015-03-04,811253368861
2015-03-05,819402239652
2015-03-06,824379989028
2015-03-09,834878753182
2015-03-10,848537789505
2015-03-11,864004113742
2015-03-12,878075844620
2015-03-13,880611781488
2015-03-16,874850559115
2015-03-17,881882625541
2015-03-18,896108504027
2015-03-19,911756727783
2015-03-20,927002173004
2015-03-23,935961490802
2015-03-24,948928112150
2015-03-25,960086790787
2015-03-26,971529344684
2015-03-27,974695451811
2015-03-30,987305162447
2015-03-31,992114591127
2015-04-01,1007500876332
2015-04-02,1019832320645
2015-04-03,1028339497560
2015-04-07,1049019510305
2015-04-08,1063907515309
2015-04-09,1080032082669
2015-04-10,1093646777627
2015-04-13,1112644681454
2015-04-14,1132444514795
2015-04-15,1146127306376
2015-04-16,1157182044282
2015-04-17,1149157713135
2015-04-20,1143069525623
2015-04-21,1153574815097
2015-04-22,1172665362874
2015-04-23,1185643651435
2015-04-24,1192302971884
2015-04-27,1210543730393
2015-04-28,1215607398598
2015-04-29,1221406603476
2015-04-30,1224334129835
2015-05-04,1241303319482
2015-05-05,1244231572418
2015-05-06,1258820234374
2015-05-07,1265872162917
2015-05-08,1245786699057
2015-05-11,1247505935416
2015-05-12,1256607720425
2015-05-13,1265406189486
2015-05-14,1271467867961
2015-05-15,1270378616254
2015-05-18,1278951775452
2015-05-19,1294245193796
2015-05-20,1310006880147
2015-05-21,1321176723760
2015-05-22,1314567656582
2015-05-25,1318998299726
2015-05-26,1329561906147
2015-05-27,1336990097550
2015-05-28,1345459596439
2015-05-29,1348287000435
2015-06-01,1367127995718
2015-06-02,1387882217728
2015-06-03,1402927079454
2015-06-04,1412300874405
2015-06-05,1412610800411
2015-06-08,1419155431830
2015-06-09,1428637577543
2015-06-10,1436953511811
2015-06-11,1443868735753
2015-06-12,1453579989204
2015-06-15,1460771548784
2015-06-16,1463951216264
2015-06-17,1475103559271
2015-06-18,1482910960306
2015-06-19,1479299517720
2015-06-23,1468845650070
2015-06-24,1439971876069
2015-06-25,1423248786555
2015-06-26,1387049624743
2015-06-29,1360422100831
2015-06-30,1335503814173
2015-07-01,1328818572775
2015-07-02,1293827661966
2015-07-03,1244976682669
2015-07-06,1151409843974
2015-07-07,1053097367290
2015-07-08,940870474994
2015-07-09,927849404820
2015-07-10,932305971025
2015-07-13,934271207261
2015-07-14,936754623345
2015-07-15,920524732197
2015-07-16,918396130560
2015-07-17,921338704319
2015-07-20,921348386943
2015-07-21,928615710814
2015-07-22,928881478891
2015-07-23,941369680547
2015-07-24,940822832963
2015-07-27,919373759165
2015-07-28,887462793572
2015-07-29,881733008327
2015-07-30,881652186879
2015-07-31,859970601967
2015-08-03,832475432082
2015-08-04,842108030431
2015-08-05,842301741836
2015-08-06,839838718760
2015-08-07,845629259242
2015-08-10,861223721255
2015-08-11,870103319713
2015-08-12,873794479627
2015-08-13,882774372393
2015-08-14,886085989804
2015-08-17,894506794785
2015-08-18,879899884284
2015-08-19,875442817227
2015-08-20,869228227066
2015-08-21,848630862572
2015-08-24,795943105071
2015-08-25,740536035623
2015-08-26,706522058254
2015-08-27,685022556433
2015-08-28,683118490904
2015-08-31,673127713583
2015-09-01,642834471301
2015-09-02,606266170176
2015-09-07,615872695111
2015-09-08,613326503591
2015-09-09,622302002741
2015-09-10,619885682685
2015-09-11,618850315756
2015-09-14,599879253495
2015-09-15,587114144804
2015-09-16,588177192339
2015-09-17,590467294488
2015-09-18,588929671900
2015-09-21,589611425721
2015-09-22,590105583869
2015-09-23,588155766896
2015-09-24,588059276593
2015-09-25,579163991185
2015-09-28,578137194581
2015-09-29,573430370272
2015-09-30,565107689421
2015-10-08,573423934505
2015-10-09,573834927910
2015-10-12,590826463139
2015-10-13,592359492869
2015-10-14,595465800492
2015-10-15,600862476185
2015-10-16,602483217134
2015-10-19,608423367347
2015-10-20,614565648086
2015-10-21,609597972675
2015-10-22,614855939334
2015-10-23,618715633159
2015-10-26,625445402262
2015-10-27,628033239007
2015-10-28,625971542441
2015-10-29,628413061152
2015-10-30,626861304247
2015-11-02,624580223050
2015-11-03,624641794601
2015-11-04,636455607760
2015-11-05,648756449213
2015-11-06,657355073852
2015-11-09,678846032704
2015-11-10,692849446365
2015-11-11,698588480945
2015-11-12,704264669504
2015-11-13,704017531196
2015-11-16,709765973662
2015-11-17,719146385419
2015-11-18,718128393345
2015-11-19,723677944809
2015-11-20,727483864902
2015-11-23,724944067772
2015-11-24,724356454195
2015-11-25,722871325612
2015-11-26,721562735545
2015-11-27,707571655449
2015-11-30,705712846824
2015-12-01,707573181220
2015-12-02,705719889489
2015-12-03,701215140017
2015-12-04,689229679014
2015-12-07,688643130171
2015-12-08,683538869003
2015-12-09,681876332446
2015-12-10,680181466516
2015-12-11,679172485848
2015-12-14,686734828731
2015-12-15,686903667749
2015-12-16,687294173008
2015-12-17,685514996801
2015-12-18,685013347232
2015-12-21,690204973913
2015-12-22,694584343597
2015-12-23,701576990450
2015-12-24,704055938831
2015-12-25,702906554042
2015-12-28,690842371910
2015-12-29,689699599137
2015-12-30,690624418175
2015-12-31,680522261155
2016-01-04,674250015171
2016-01-05,662424991011
2016-01-06,659659894611
2016-01-07,653619923734
2016-01-08,640940954450
2016-01-11,622258836431
2016-01-12,610486743606
2016-01-13,600445497232
2016-01-14,594163365933
2016-01-15,585478803003
2016-01-18,584010365373
2016-01-19,583401330073
2016-01-20,581973101059
2016-01-21,577982711229
2016-01-22,574703509699
2016-01-25,573053955612
2016-01-26,558948682056
2016-01-27,546309759767
2016-01-28,537399576006
2016-01-29,533033638244
2016-02-01,528384301655
2016-02-02,528845887864
2016-02-03,526428042632
2016-02-04,524337017843
2016-02-05,514093133618
2016-02-15,515256205943
2016-02-16,518215198164
2016-02-17,518778341837
2016-02-18,519382998740
2016-02-19,517832856204
2016-02-22,519250340741
2016-02-23,519105100581
2016-02-24,520489250248
2016-02-25,513548523851
2016-02-26,509938422697
2016-02-29,501041987179
2016-03-01,499909493421
2016-03-02,502350546037
2016-03-03,503092878470
2016-03-04,494927660917
2016-03-07,497412906564
2016-03-08,495750615429
2016-03-09,492829696125
2016-03-10,492042339533
2016-03-11,489799692896
2016-03-14,493687362449
2016-03-15,490445133204
2016-03-16,483482073240
2016-03-17,488497078304
2016-03-18,494872388714
2016-03-21,505682813378
2016-03-22,507364047862
2016-03-23,509741838074
2016-03-24,509172156706
2016-03-25,508638683094
2016-03-28,509242174833
2016-03-29,508525327296
2016-03-30,509691637569
2016-03-31,510077307223
2016-04-01,506119519804
2016-04-05,512243331494
2016-04-06,513684986113
2016-04-07,512796499453
2016-04-08,509745451220
2016-04-11,512127578457
2016-04-12,510211622132
2016-04-13,514174217320
2016-04-14,515461028742
2016-04-15,513959169343
2016-04-18,512273796689
2016-04-19,512299527727
2016-04-20,506019596565
2016-04-21,504729309486
2016-04-22,501699887412
2016-04-25,501105836656
2016-04-26,500229477522
2016-04-27,499245448785
2016-04-28,498679671165
2016-04-29,494455780517
2016-05-03,498068800143
2016-05-04,498378241538
2016-05-05,498647195271
2016-05-06,493019015948
2016-05-09,489787952075
2016-05-10,486770066004
2016-05-11,484223329354
2016-05-12,482195898002
2016-05-13,479835870205
2016-05-16,479976560380
2016-05-17,478828511618
2016-05-18,474780510464
2016-05-19,474796983383
2016-05-20,473967145973
2016-05-23,473790185446
2016-05-24,474113760053
2016-05-25,473248745984
2016-05-26,472502816382
2016-05-27,470933246425
2016-05-30,469474286135
2016-05-31,472770517075
2016-06-01,473842939459
2016-06-02,475857307685
2016-06-03,473956396588
2016-06-06,474696463629
2016-06-07,474785801210
2016-06-08,472230941146
2016-06-13,470718833261
2016-06-14,469814782324
2016-06-15,472774017130
2016-06-16,472426696313
2016-06-17,471145006787
2016-06-20,471899642785
2016-06-21,471148810549
2016-06-22,471757473392
2016-06-23,470989946736
2016-06-24,469568272060
2016-06-27,472130992856
2016-06-28,473172010473
2016-06-29,475231804471
2016-06-30,474937137098
2016-07-01,473366707712
2016-07-04,477343099023
2016-07-05,478894481453
2016-07-06,480194633761
2016-07-07,480968164323
2016-07-08,478082382396
2016-07-11,479342990976
2016-07-12,482110757617
2016-07-13,481908335239
2016-07-14,482059531983
2016-07-15,481144294514
2016-07-18,483284066990
2016-07-19,485650291962
2016-07-20,486271452106
2016-07-21,487493320212
2016-07-22,485774399944
2016-07-25,486965174977
2016-07-26,487693941995
2016-07-27,482124688799
2016-07-28,480421749174
2016-07-29,478048309022
2016-08-01,476355670754
2016-08-02,476393053057
2016-08-03,476932091555
2016-08-04,477637950967
2016-08-05,476692801710
2016-08-08,477819998514
2016-08-09,479047204988
2016-08-10,480718943503
2016-08-11,480775762109
2016-08-12,479839424564
2016-08-15,486485232335
2016-08-16,493566088751
2016-08-17,495659051254
2016-08-18,498543748648
2016-08-19,498282428488
2016-08-22,499145177131
2016-08-23,499734417220
2016-08-24,500400801436
2016-08-25,500791792381
2016-08-26,499937745356
2016-08-29,501477435834
2016-08-30,501004637549
2016-08-31,501716007963
2016-09-01,501535695782
2016-09-02,499592197550
2016-09-05,500516748119
2016-09-06,503013816371
2016-09-07,503273563343
2016-09-08,503708906192
2016-09-09,501701136676
2016-09-12,499740145178
2016-09-13,499635099269
2016-09-14,496229314357
2016-09-19,497965398653
2016-09-20,498636196708
2016-09-21,498866810752
2016-09-22,497769188223
2016-09-23,495548458994
2016-09-26,495311007534
2016-09-27,494949863817
2016-09-28,493935142585
2016-09-29,492459294682
2016-09-30,485368046034
2016-10-10,490131918314
2016-10-11,493155823819
2016-10-12,495554017689
2016-10-13,497309822724
2016-10-14,496412883860
2016-10-17,498028728910
2016-10-18,501292033743
2016-10-19,502224582657
2016-10-20,502719680826
2016-10-21,502362504192
2016-10-24,506651209666
2016-10-25,509481313469
2016-10-26,511241718608
2016-10-27,512147647095
2016-10-28,508646408411
2016-10-31,510247896561
2016-11-01,512090091838
2016-11-02,512202186235
2016-11-03,516372674587
2016-11-04,515916361686
2016-11-07,517199830196
2016-11-08,517880324403
2016-11-09,520589849944
2016-11-10,524100406163
2016-11-11,524606038523
2016-11-14,530434954651
2016-11-15,532962827325
2016-11-16,535701347651
2016-11-17,536057751317
2016-11-18,535057333809
2016-11-21,538823020390
2016-11-22,542008130531
2016-11-23,541686542434
2016-11-24,541913908842
2016-11-25,541073208543
2016-11-28,546721796406
2016-11-29,550196731263
2016-11-30,553319387731
2016-12-01,555785149855
2016-12-02,552942591967
2016-12-05,552584304283
2016-12-06,552796495709
2016-12-07,553519950153
2016-12-08,554108985855
2016-12-09,552842108711
2016-12-12,545636500112
2016-12-13,545857484973
2016-12-14,547536309834
2016-12-15,549415404110
2016-12-16,547544828889
2016-12-19,547210251108
2016-12-20,548400035764
2016-12-21,549096724136
2016-12-22,548638718046
2016-12-23,544894505934
2016-12-26,545743760642
2016-12-27,546989121102
2016-12-28,547380152489
2016-12-29,546781977610
2016-12-30,541744074134
2017-01-03,541086585301
2017-01-04,540266946445
2017-01-05,539549321455
2017-01-06,537500878600
2017-01-09,537718895628
2017-01-10,536648846867
2017-01-11,535042445743
2017-01-12,533756166491
2017-01-13,528892909817
2017-01-16,516166619858
2017-01-17,515589498006
2017-01-18,514074153163
2017-01-19,513286356018
2017-01-20,511151354556
2017-01-23,510210195581
2017-01-24,507524064123
2017-01-25,505982240630
2017-01-26,498374008721
2017-02-03,501587053948
2017-02-06,505094124703
2017-02-07,505290510411
2017-02-08,507120995154
2017-02-09,510301910232
2017-02-10,509501164991
2017-02-13,512891126892
2017-02-14,514493589292
2017-02-15,516029816019
2017-02-16,518855552701
2017-02-17,517982129346
2017-02-20,521797169713
2017-02-21,522276159654
2017-02-22,523705409158
2017-02-23,525817689808
2017-02-24,525654220836
2017-02-27,527293793769
2017-02-28,528856868250
2017-03-01,529809697429
2017-03-02,530170254941
2017-03-03,527920521386
2017-03-06,529865824898
2017-03-07,530273177529
2017-03-08,530463329116
2017-03-09,529818259278
2017-03-10,527549728744
2017-03-14,528737903013
2017-03-15,529674658034
2017-03-16,532829101634
2017-03-17,532459710928
2017-03-20,534227970661
2017-03-21,535559713983
2017-03-22,536932700690
2017-03-23,537516709084
2017-03-24,537615245684
2017-03-27,540023946311
2017-03-28,540813227571
2017-03-29,541086656099
2017-03-30,539868684692
2017-03-31,535699641718
2017-04-05,538711252185
2017-04-06,539083167166
2017-04-07,537567404709
2017-04-10,539288405156
2017-04-11,543405620610
2017-04-12,544699793451
2017-04-13,547157833162
2017-04-14,544867962113
2017-04-17,546164795221
2017-04-18,546435281623
2017-04-19,545115793014
2017-04-20,543909595954
2017-04-21,538608445810
2017-04-24,534439269559
2017-04-25,533464968435
2017-04-26,533367272469
2017-04-27,533515685576
2017-04-28,530329667127
2017-05-02,531259620369
2017-05-03,531245801538
2017-05-04,532685207766
2017-05-05,528720181291
2017-05-08,525347761304
2017-05-09,525065572900
2017-05-10,522366049656
2017-05-11,517233414474
2017-05-12,514216422190
2017-05-15,512648970078
2017-05-16,513823056434
2017-05-17,514477174094
2017-05-18,514821195735
2017-05-19,513118335966
2017-05-22,512246774771
2017-05-23,509405303323
2017-05-24,509246104228
2017-05-25,509448789631
2017-05-26,505837079759
2017-05-31,506079239855
2017-06-01,502881436275
2017-06-02,501826004106
2017-06-05,502967461112
2017-06-06,502648994421
2017-06-07,504951018649
2017-06-08,505449167298
2017-06-09,504070812514
2017-06-12,505452993981
2017-06-13,506886152863
2017-06-14,507249153818
2017-06-15,509014686250
2017-06-16,507198520290
2017-06-19,508226930204
2017-06-20,508333054879
2017-06-21,508932378843
2017-06-22,509754526622
2017-06-23,507890577040
2017-06-26,511001191807
2017-06-27,511457728296
2017-06-28,513378917370
2017-06-29,513501965352
2017-06-30,511528278042
2017-07-03,512479572751
2017-07-04,513157610530
2017-07-05,514487818603
2017-07-06,514569648233
2017-07-07,513724680300
2017-07-10,515392194701
2017-07-11,515329239075
2017-07-12,515930473901
2017-07-13,517301034702
2017-07-14,515043617427
2017-07-17,513668732540
2017-07-18,513938473137
2017-07-19,516645095697
2017-07-20,516852513732
2017-07-21,516927360025
2017-07-24,521007125367
2017-07-25,523213040701
2017-07-26,525088165155
2017-07-27,526393111133
2017-07-28,524828764794
2017-07-31,528537955376
2017-08-01,529231018478
2017-08-02,532200383095
2017-08-03,534879944654
2017-08-04,532820207518
2017-08-07,535636198766
2017-08-08,534726199658
2017-08-09,537368647820
2017-08-10,537669007398
2017-08-11,535356477158
2017-08-14,537632596431
2017-08-15,539648893071
2017-08-16,540868472055
2017-08-17,542899045178
2017-08-18,541748509333
2017-08-21,543592415590
2017-08-22,544897323822
2017-08-23,545507089335
2017-08-24,546833583828
2017-08-25,546054164590
2017-08-28,550835572748
2017-08-29,553270011460
2017-08-30,554844843413
2017-08-31,559118232072
2017-09-01,560256965769
2017-09-04,563595774171
2017-09-05,564749751259
2017-09-06,567410040920
2017-09-07,568069058625
2017-09-08,568868703562
2017-09-11,573227491085
2017-09-12,575035344655
2017-09-13,577341861552
2017-09-15,578583374441
2017-09-18,582455107684
2017-09-19,583732774712
2017-09-20,587035104718
2017-09-21,586141235549
2017-09-22,583454267943
2017-09-25,581184044380
2017-09-26,579908899222
2017-09-27,579523451666
2017-09-28,578224273633
2017-09-29,570083581576
2017-10-09,578682092143
2017-10-10,583145677767
2017-10-11,583522843846
2017-10-12,583464735903
2017-10-13,582562628235
2017-10-16,583759038774
2017-10-17,584023686833
2017-10-18,581592266640
2017-10-19,579306498080
2017-10-20,578649055545
2017-10-23,580901689048
2017-10-24,578877370713
2017-10-25,579673158365
2017-10-26,585721846144
2017-10-27,586980537209
2017-10-30,587251583104
2017-10-31,589196036713
2017-11-01,593084233167
2017-11-02,591938582941
2017-11-03,589295810105
2017-11-06,593520002896
2017-11-07,597686940879
2017-11-08,599847626587
2017-11-09,602292882328
2017-11-10,602677946214
2017-11-13,607453853482
2017-11-14,609530393847
2017-11-15,610088191761
2017-11-16,611955170107
2017-11-17,605407313174
2017-11-20,606152968284
2017-11-21,610896888811
2017-11-22,613638975630
2017-11-23,612323609647
2017-11-24,607803783678
2017-11-27,604120318760
2017-11-28,605038393589
2017-11-29,606435086718
2017-11-30,606266729261
2017-12-01,605049876092
2017-12-04,604595733465
2017-12-05,594960743028
2017-12-06,595236819307
2017-12-07,596091122261
2017-12-08,595997613220
2017-12-11,597388285945
2017-12-12,598121141086
2017-12-13,599823623298
2017-12-14,601518600419
2017-12-15,599973160706
2017-12-18,600385416902
2017-12-19,601150771777
2017-12-20,600660765121
2017-12-21,601331057847
2017-12-22,600752458618
2017-12-25,602010826133
2017-12-26,603788870421
2017-12-27,604243378239
2017-12-28,607288414879
2017-12-29,605281700426
2018-01-02,608366051878
2018-01-03,608815534517
2018-01-04,610527948195
2018-01-05,611033498008
2018-01-08,614437310945
2018-01-09,616540107796
2018-01-10,619625092233
2018-01-11,621046744130
2018-01-12,619848249343
2018-01-15,621497637591
2018-01-16,625992542194
2018-01-17,627094987907
2018-01-18,634228438561
2018-01-19,636018905560
2018-01-22,639921300534
2018-01-23,644564213418
2018-01-24,646859187212
2018-01-25,647529134317
2018-01-26,646634615949
2018-01-29,648256047965
2018-01-30,648176166579
2018-01-31,645400680690
2018-02-01,636482319607
2018-02-02,631035437334
2018-02-05,630054975768
2018-02-06,619290275865
2018-02-07,616405478519
2018-02-08,615710148081
2018-02-09,604833557210
2018-02-12,600926938548
2018-02-13,595328087592
2018-02-14,587596708400
2018-02-22,590374192560
2018-02-23,590318411364
2018-02-26,592714977109
2018-02-27,593011785899
2018-02-28,594617162664
2018-03-01,595939917864
2018-03-02,595361568569
2018-03-05,595049930410
2018-03-06,597537104191
2018-03-07,596969079947
2018-03-08,597940210780
2018-03-09,597050145863
2018-03-12,600045856188
2018-03-13,599568767827
2018-03-14,600345441237
2018-03-15,601172365606
2018-03-16,600603525889
2018-03-19,601576470724
2018-03-20,602106366122
2018-03-21,603579457196
2018-03-22,603796655509
2018-03-23,593792703708
2018-03-26,597411337395
2018-03-27,599442144212
2018-03-28,599307494218
2018-03-29,600145215249
2018-03-30,598855912677
2018-04-02,601030714928
2018-04-03,601169419027
2018-04-04,598181552536
2018-04-09,599650337034
2018-04-10,599080845943
2018-04-11,599689679276
2018-04-12,600424988033
2018-04-13,599833935982
2018-04-16,601024882857
2018-04-17,600284382263
2018-04-18,600098082128
2018-04-19,599180521526
2018-04-20,596545372671
2018-04-23,596995595435
2018-04-24,596377635708
2018-04-25,597019402304
2018-04-26,596178122764
2018-04-27,592867415552
2018-05-02,592911559958
2018-05-03,591987078108
2018-05-04,590434735762
2018-05-07,591629638695
2018-05-08,592400524194
2018-05-09,593703956355
2018-05-10,594735071550
2018-05-11,592719427747
2018-05-14,592905263679
2018-05-15,593410196752
2018-05-16,594416330170
2018-05-17,595158136870
2018-05-18,594145598040
2018-05-21,595880340436
2018-05-22,597985960989
2018-05-23,599797085094
2018-05-24,600564172688
2018-05-25,598455827921
2018-05-28,598949037435
2018-05-29,597965012117
2018-05-30,595635486365
2018-05-31,595372987763
2018-06-01,592445445276
2018-06-04,590840188900
2018-06-05,591074705741
2018-06-06,590709945434
2018-06-07,590959804095
2018-06-08,589088015126
2018-06-11,588485005458
2018-06-12,588519533549
2018-06-13,587140793988
2018-06-14,586589031060
2018-06-15,581569561529
2018-06-19,567849953722
2018-06-20,564645936794
2018-06-21,560808688544
2018-06-22,558196136785
2018-06-25,556875334203
2018-06-26,556636105493
2018-06-27,555886983956
2018-06-28,555085668675
2018-06-29,553522416883
2018-07-02,552525463016
2018-07-03,552690105369
2018-07-04,549414701907
2018-07-05,546020776894
2018-07-06,543489414407
2018-07-09,542012974350
2018-07-10,541878346674
2018-07-11,539487029849
2018-07-12,540247707295
2018-07-13,538340528874
2018-07-16,538527240085
2018-07-17,539103125579
2018-07-18,538559054640
2018-07-19,536935848153
2018-07-20,534906513435
2018-07-23,534001675133
2018-07-24,533653883014
2018-07-25,534356990639
2018-07-26,535637045599
2018-07-27,533848926644
2018-07-30,533625257352
2018-07-31,532916979958
2018-08-01,532068228664
2018-08-02,531174597926
2018-08-03,528810410344
2018-08-06,527221789894
2018-08-07,526392695026
2018-08-08,524900753790
2018-08-09,524594839263
2018-08-10,522761979654
2018-08-13,523722819418
2018-08-14,523860576227
2018-08-15,523990050346
2018-08-16,524345738232
2018-08-17,522737305344
2018-08-20,521423369451
2018-08-21,520047585196
2018-08-22,519198247652
2018-08-23,519453159802
2018-08-24,517564307970
2018-08-27,517733060699
2018-08-28,517411048779
2018-08-29,516904203797
2018-08-30,516491992705
2018-08-31,513956376664
2018-09-03,513290990055
2018-09-04,513182458484
2018-09-05,513010193653
2018-09-06,513256982251
2018-09-07,511137883134
2018-09-10,509479248423
2018-09-11,508866481182
2018-09-12,508765532668
2018-09-13,508467827596
2018-09-14,506009498734
2018-09-17,504993237974
2018-09-18,504631339773
2018-09-19,502678815221
2018-09-20,501271444915
2018-09-21,498777152833
2018-09-25,499653250243
2018-09-26,499093628658
2018-09-27,497647547449
2018-09-28,492989890192
2018-10-08,496333847498
2018-10-09,496798379422
2018-10-10,496692130111
2018-10-11,489362003478
2018-10-12,482668130673
2018-10-15,479708528447
2018-10-16,475305265051
2018-10-17,472763724975
2018-10-18,470159311394
2018-10-19,466894473017
2018-10-22,467650052315
2018-10-23,468538487733
2018-10-24,468452250683
2018-10-25,468119435880
2018-10-26,467169473732
2018-10-29,467955868930
2018-10-30,466687049647
2018-10-31,466160156064
2018-11-01,465870071113
2018-11-02,464828736776
2018-11-05,466115042931
2018-11-06,466581343674
2018-11-07,466902793065
2018-11-08,466765910615
2018-11-09,467006411052
2018-11-12,468798812385
2018-11-13,469651112918
2018-11-14,471116952401
2018-11-15,472299226346
2018-11-16,471864498649
2018-11-19,473853869819
2018-11-20,475056211230
2018-11-21,475233531812
2018-11-22,475446195531
2018-11-23,472689959467
2018-11-26,472356414911
2018-11-27,472518416397
2018-11-28,471762479372
2018-11-29,470522757696
2018-11-30,468743399761
2018-12-03,469245598003
2018-12-04,469135276155
2018-12-05,469009226480
2018-12-06,470166691402
2018-12-07,469305526326
2018-12-10,469640781271
2018-12-11,469293601471
2018-12-12,469095178379
2018-12-13,469359024408
2018-12-14,467350549615
2018-12-17,467686247128
2018-12-18,467607913280
2018-12-19,466785517266
2018-12-20,467700056854
2018-12-21,466520920169
2018-12-24,466694612238
2018-12-25,465977437816
2018-12-26,465856293975
2018-12-27,465434791784
2018-12-28,461987376518
2019-01-02,462351753650
2019-01-03,461887281000
2019-01-04,462250410730
2019-01-07,462458355219
2019-01-08,462472442828
2019-01-09,461689424168
2019-01-10,461532461893
2019-01-11,460323775055
2019-01-14,460947518023
2019-01-15,460338181685
2019-01-16,459037993700
2019-01-17,458623130349
2019-01-18,456668089943
2019-01-21,456096234282
2019-01-22,457169620037
2019-01-23,456649149578
2019-01-24,455891899209
2019-01-25,452458688565
2019-01-28,451157215423
2019-01-29,449290368941
2019-01-30,447513860371
2019-01-31,444603342646
2019-02-01,438481618486
2019-02-11,441723272260
2019-02-12,443198997474
2019-02-13,445877866753
2019-02-14,447472501005
2019-02-15,449451785567
2019-02-18,451906400957
2019-02-19,455192743990
2019-02-20,457184818881
2019-02-21,459234809159
2019-02-22,461954859629
2019-02-25,472704160094
2019-02-26,478155076613
2019-02-27,484549266902
2019-02-28,484555495642
2019-03-01,484550188993
2019-03-04,491719613594
2019-03-05,499610506952
2019-03-06,509414858080
2019-03-07,519397678384
2019-03-08,519973258458
2019-03-11,528539041036
2019-03-12,534177143108
2019-03-13,537118191110
2019-03-14,535868334393
2019-03-15,534927567528
2019-03-18,538936145587
2019-03-19,542161873286
2019-03-20,544227583847
2019-03-21,549423715029
2019-03-22,549160945947
2019-03-25,554217910683
2019-03-26,554043266609
2019-03-27,555908994882
2019-03-28,555438962621
2019-03-29,555919750875
2019-04-01,561244963862
2019-04-02,566121855650
2019-04-03,569552117271
2019-04-04,570001321985
2019-04-08,579824640228
2019-04-09,582591393394
2019-04-10,584052810698
2019-04-11,583208143243
2019-04-12,581164513945
2019-04-15,583299208979
2019-04-16,587420822124
2019-04-17,589911050836
2019-04-18,591175252232
2019-04-19,591196274296
2019-04-22,594831558594
2019-04-23,593401459965
2019-04-24,595388886472
2019-04-25,591947751543
2019-04-26,589923831402
2019-04-29,585302832156
2019-04-30,577865182474
2019-05-06,573185674230
2019-05-07,570866704572
2019-05-08,571057518334
2019-05-09,570455002203
2019-05-10,569552302327
2019-05-13,567689658746
2019-05-14,566964503072
2019-05-15,566600704440
2019-05-16,567049805145
2019-05-17,563665781997
2019-05-20,563258751070
2019-05-21,563899124599
2019-05-22,562387964684
2019-05-23,560527552182
2019-05-24,557750049494
2019-05-27,559792435668
2019-05-28,558474984580
2019-05-29,558801967110
2019-05-30,557674222555
2019-05-31,555440566101
2019-06-03,554095723600
2019-06-04,551845445249
2019-06-05,550165203687
2019-06-06,546661467639
2019-06-10,545807399551
2019-06-11,546076092112
2019-06-12,547092700496
2019-06-13,547506113249
2019-06-14,545365849561
2019-06-17,544906059569
2019-06-18,543689979601
2019-06-19,543194212320
2019-06-20,545474733422
2019-06-21,544809211659
2019-06-24,546922849389
2019-06-25,548267174410
2019-06-26,547799690532
2019-06-27,547617686319
2019-06-28,545403611820
2019-07-01,548115136533
2019-07-02,549329550799
2019-07-03,550488925077
2019-07-04,550607512075
2019-07-05,549758208389
2019-07-08,549280291963
2019-07-09,548742383856
2019-07-10,548502478946
2019-07-11,546736009397
2019-07-12,545292920109
2019-07-15,546829583252
2019-07-16,546419207751
2019-07-17,546770795139
2019-07-18,545891094423
2019-07-19,544117046863
2019-07-22,542317389721
2019-07-23,540885652598
2019-07-24,540838721429
2019-07-25,540617344435
2019-07-26,539752245878
2019-07-29,541103076216
2019-07-30,541192071940
2019-07-31,540746046599
2019-08-01,540682032669
2019-08-02,538926998030
2019-08-05,539088661040
2019-08-06,536449029000
2019-08-07,534335401053
2019-08-08,533481575844
2019-08-09,531240738575
2019-08-12,531567416332
2019-08-13,531855170860
2019-08-14,532093964720
2019-08-15,531287578318
2019-08-16,530938203843
2019-08-19,534798962347
2019-08-20,535069125138
2019-08-21,535653416579
2019-08-22,536149988643
2019-08-23,534954183704
2019-08-26,536544973668
2019-08-27,536284871635
2019-08-28,537103608725
2019-08-29,538787831176
2019-08-30,538541616594
2019-09-02,540259932065
2019-09-03,540321825192
2019-09-04,540978840534
2019-09-05,542059512654
2019-09-06,541315600123
2019-09-09,545831543383
2019-09-10,547266110610
2019-09-11,548131519774
2019-09-12,545974771941
2019-09-16,549029500599
2019-09-17,550022693898
2019-09-18,550256286908
2019-09-19,551374200309
2019-09-20,550048535904
2019-09-23,550826508305
2019-09-24,550171649766
2019-09-25,548262512825
2019-09-26,545878128202
2019-09-27,543547417610
2019-09-30,538791089316
2019-10-08,541173606913
2019-10-09,541990984143
2019-10-10,542411429535
2019-10-11,541053440557
2019-10-14,544165541216
2019-10-15,543677569235
2019-10-16,543790595150
2019-10-17,543067159580
2019-10-18,541397950787
2019-10-21,541719877028
2019-10-22,542455008256
2019-10-23,542590711121
2019-10-24,543586678053
2019-10-25,543351773604
2019-10-28,545352851087
2019-10-29,544786863040
2019-10-30,544449761544
2019-10-31,543040299737
2019-11-01,542675980074
2019-11-04,543020295419
2019-11-05,544029029680
2019-11-06,543999526706
2019-11-07,544188094794
2019-11-08,543255280042
2019-11-11,541755441181
2019-11-12,541360163467
2019-11-13,542048023809
2019-11-14,542725646617
2019-11-15,541112917831
2019-11-18,541533326643
2019-11-19,542721380946
2019-11-20,543039825777
2019-11-21,544024320788
2019-11-22,542558701610
2019-11-25,542994841271
2019-11-26,541048628299
2019-11-27,541540132118
2019-11-28,540557833985
2019-11-29,540589918492
2019-12-02,540793588479
2019-12-03,541820549640
2019-12-04,542474281717
2019-12-05,542948225200
2019-12-06,542900227729
2019-12-09,543860276636
2019-12-10,544324601840
2019-12-11,544826951629
2019-12-12,544762356034
2019-12-13,544431163367
2019-12-16,548288053609
2019-12-17,551516610507
2019-12-18,554466188124
2019-12-19,556309366942
2019-12-20,555035446253
2019-12-23,556003821374
2019-12-24,554400951209
2019-12-25,555015167639
2019-12-26,555995394376
2019-12-27,555111529883
2019-12-30,558917674707
2019-12-31,559055426838
2020-01-02,561396722311
2020-01-03,562710881010
2020-01-06,567760802437
2020-01-07,568793261762
2020-01-08,570740658657
2020-01-09,571819012961
2020-01-10,570739934602
2020-01-13,573021434835
2020-01-14,574945207770
2020-01-15,575929132790
2020-01-16,576558354303
2020-01-17,575491812969
2020-01-20,576303022728
2020-01-21,576301105902
2020-01-22,576330861708
2020-01-23,568373798279
2020-02-03,561975455459
2020-02-04,559952837462
2020-02-05,559232297605
2020-02-06,562022699504
2020-02-07,561920858486
2020-02-10,563895597858
2020-02-11,562460299122
2020-02-12,564705327037
2020-02-13,565269286069
2020-02-14,564842574521
2020-02-17,568927550285
2020-02-18,573602028083
2020-02-19,574072376028
2020-02-20,577770431812
2020-02-21,579970674213
2020-02-24,586415776616
2020-02-25,590115848980
2020-02-26,591118726025
2020-02-27,589914863168
2020-02-28,582209646574
2020-03-02,584892862349
2020-03-03,587708596032
2020-03-04,589223256850
2020-03-05,594628864283
2020-03-06,590460217993
2020-03-09,591181177560
2020-03-10,591394308733
2020-03-11,590756731201
2020-03-12,589062499522
2020-03-13,585866095442
2020-03-16,578948250524
2020-03-17,579300265730
2020-03-18,575453741797
2020-03-19,576795028671
2020-03-20,573455088179
2020-03-23,569697127931
2020-03-24,568532351819
2020-03-25,569239231247
2020-03-26,567775129391
2020-03-27,565477732570
2020-03-30,564031495104
2020-03-31,562713019950
2020-04-01,559305882671
2020-04-02,558526402294
2020-04-03,554642771517
2020-04-07,556005279122
2020-04-08,555044653995
2020-04-09,555131422688
2020-04-10,552122826513
2020-04-13,551402967203
2020-04-14,551453038319
2020-04-15,551400055359
2020-04-16,552724896743
2020-04-17,551148283066
2020-04-20,552092865833
2020-04-21,552024405126
2020-04-22,552974194763
2020-04-23,552995180646
2020-04-24,550033499023
2020-04-27,549190163750
2020-04-28,546719357234
2020-04-29,543684772162
2020-04-30,540087048500
2020-05-06,546427698550
2020-05-07,548983059716
2020-05-08,550055155563
2020-05-11,553137209402
2020-05-12,554421178255
2020-05-13,554829513206
2020-05-14,555669875057
2020-05-15,555066959688
2020-05-18,556568601275
2020-05-19,558516802310
2020-05-20,558071029282
2020-05-21,557611667024
2020-05-22,556339825469
2020-05-25,556476814207
2020-05-26,557499732122
2020-05-27,557552127210
2020-05-28,556679561665
2020-05-29,555018097562
2020-06-01,559577690993
2020-06-02,560049208115
2020-06-03,560353938047
2020-06-04,562154767159
2020-06-05,562693813584
2020-06-08,564623246283
2020-06-09,565324951356
2020-06-10,566139309135
2020-06-11,567697168308
2020-06-12,567784675205
2020-06-15,569218261248
2020-06-16,571708480538
2020-06-17,572629011059
2020-06-18,574702654882
2020-06-19,574584041996
2020-06-22,579997002944
2020-06-23,582362137952
2020-06-24,578986495858
2020-06-29,583149719849
2020-06-30,588541166170
2020-07-01,593499380417
2020-07-02,599389899784
2020-07-03,606187612076
2020-07-06,627556881275
2020-07-07,640490679043
2020-07-08,657755813850
2020-07-09,669814955947
2020-07-10,678735135575
2020-07-13,693969954893
2020-07-14,700304768072
2020-07-15,703088755528
2020-07-16,701564857416
2020-07-17,696844708851
2020-07-20,701056904736
2020-07-21,701417603825
2020-07-22,704025960797
2020-07-23,708063785728
2020-07-24,700715314451
2020-07-27,703259741449
2020-07-28,703851065382
2020-07-29,709581445856
2020-07-30,712590778640
2020-07-31,715121775818
2020-08-03,725137948042
2020-08-04,725683475209
2020-08-05,732690221755
2020-08-06,734608599055
2020-08-07,729497666990
2020-08-10,732624432487
2020-08-11,729671717222
2020-08-12,726584281714
2020-08-13,726545298137
2020-08-14,723080350545
2020-08-17,732081513102
2020-08-18,737139287741
2020-08-19,738102277544
2020-08-20,736808467432
2020-08-21,735221001471
2020-08-24,736231596569
2020-08-25,734610783208
2020-08-26,731526000698
2020-08-27,731588258795
2020-08-28,732783678329
2020-08-31,737496841386
2020-09-01,738562557286
2020-09-02,741383469957
2020-09-03,740658070283
2020-09-04,738886120757
2020-09-07,737269953161
2020-09-08,736096993567
2020-09-09,733691061340
2020-09-10,729123226445
2020-09-11,728111760910
2020-09-14,729061180106
2020-09-15,729117519444
2020-09-16,728439717981
2020-09-17,730029382106
2020-09-18,731266023818
2020-09-21,730726552552
2020-09-22,731247489707
2020-09-23,732305245167
2020-09-24,732858922643
2020-09-25,730801783480
2020-09-28,728325003590
2020-09-29,726928420180
2020-09-30,718773947637
2020-10-09,722623954673
2020-10-12,726418414800
2020-10-13,729474250695
2020-10-14,731954188699
2020-10-15,731454593803
2020-10-16,730157187663
2020-10-19,731751610228
2020-10-20,732194798565
2020-10-21,732558183793
2020-10-22,733209692892
2020-10-23,728885246959
2020-10-26,728064512071
2020-10-27,728401575575
2020-10-28,729233081780
2020-10-29,730205468600
2020-10-30,726579583483
2020-11-02,726761818581
2020-11-03,728262128568
2020-11-04,729638305309
2020-11-05,731306759721
2020-11-06,730307648470
2020-11-09,736547030957
2020-11-10,736348759208
2020-11-11,735194222361
2020-11-12,735155468482
2020-11-13,735796686341
2020-11-16,738105266238
2020-11-17,738190820752
2020-11-18,738724749306
2020-11-19,737923991149
2020-11-20,737865462670
2020-11-23,742675022714
2020-11-24,745084788566
2020-11-25,746180978294
2020-11-26,744973294987
2020-11-27,743489604691
2020-11-30,747061399190
2020-12-01,749657391509
2020-12-02,752828422299
2020-12-03,753985375607
2020-12-04,754258913777
2020-12-07,756851607868
2020-12-08,757976387724
2020-12-09,754519180325
2020-12-10,755649047599
2020-12-11,753613864795
2020-12-14,755709036504
2020-12-15,756368148234
2020-12-16,757250182818
2020-12-17,758568721435
2020-12-18,759171142789
2020-12-21,763664230810
2020-12-22,764320464544
2020-12-23,766290955690
2020-12-24,765792112747
2020-12-25,767303833177
2020-12-28,769227904714
2020-12-29,766565014922
2020-12-30,768713795726
2020-12-31,768366961044
2021-01-04,780490219310
2021-01-05,786485232814
2021-01-06,789702817707
2021-01-07,792507228848
2021-01-08,792770084113
2021-01-11,793378564093
2021-01-12,799390393893
2021-01-13,802444845154
2021-01-14,802748756831
2021-01-15,801616826104
2021-01-18,805075741296
2021-01-19,807854268016
2021-01-20,811252474957
2021-01-21,815992756519
2021-01-22,815403994518
2021-01-25,819391832231
2021-01-26,816084569630
2021-01-27,816237694539
2021-01-28,814568038845
2021-01-29,808530764245
2021-02-01,807900109492
2021-02-02,807418158794
2021-02-03,807189978760
2021-02-04,802902827539
2021-02-05,798537947597
2021-02-08,796355371775
2021-02-09,796972031083
2021-02-10,787516930548
2021-02-18,798674299752
2021-02-19,802437603320
2021-02-22,810360452570
2021-02-23,808409083165
2021-02-24,809020164487
2021-02-25,809129415626
2021-02-26,806306694237
2021-03-01,810117759809
2021-03-02,811873629757
2021-03-03,812100512664
2021-03-04,809064212364
2021-03-05,806221304478
2021-03-08,806617415006
2021-03-09,802276032864
2021-03-10,799146556678
2021-03-11,800321367759
2021-03-12,798267706264
2021-03-15,800532718804
2021-03-16,798752178835
2021-03-17,799559077424
2021-03-18,797938882384
2021-03-19,797113296291
2021-03-22,799080919527
2021-03-23,797829780590
2021-03-24,797166421861
2021-03-25,794874768272
2021-03-26,794126530855
2021-03-29,795015266755
2021-03-30,795773068523
2021-03-31,797053733339
2021-04-01,795949098021
2021-04-02,794150731478
2021-04-06,796954365915
2021-04-07,799996518343
2021-04-08,800340627444
2021-04-09,799847556152
2021-04-12,799161820983
2021-04-13,796009150413
2021-04-14,796769159448
2021-04-15,796817584862
2021-04-16,796060470679
2021-04-19,798163983816
2021-04-20,799379211818
2021-04-21,800209654159
2021-04-22,801362797628
2021-04-23,798915127810
2021-04-26,800606899865
2021-04-27,799784841520
2021-04-28,801048423429
2021-04-29,799593299537
2021-04-30,793351750738
2021-05-06,797716392311
2021-05-07,797991832859
2021-05-10,801540647009
2021-05-11,802469810548
2021-05-12,804277321885
2021-05-13,805229017067
2021-05-14,804800999074
2021-05-17,807065819160
2021-05-18,808587241994
2021-05-19,810481964331
2021-05-20,811462296683
2021-05-21,810670237086
2021-05-24,813674545450
2021-05-25,814261003267
2021-05-26,816490842964
2021-05-27,820729295439
2021-05-28,821972013714
2021-05-31,827953586295
2021-06-01,832469753416
2021-06-02,833882640084
2021-06-03,834774042167
2021-06-04,833301157301
2021-06-07,837659288066
2021-06-08,838114869374
2021-06-09,838589270926
2021-06-10,840153205978
2021-06-11,837408440042
2021-06-15,841056218056
2021-06-16,839898644373
2021-06-17,842780416135
2021-06-18,845059995477
2021-06-21,848131601893
2021-06-22,851273356925
2021-06-23,851813694053
2021-06-24,852782054553
2021-06-25,852621255199
2021-06-28,858117612067
2021-06-29,860723220494
2021-06-30,862822810436
2021-07-01,857176520953
2021-07-02,856383116685
2021-07-05,859728229295
2021-07-06,859643243967
2021-07-07,863753184065
2021-07-08,866722341986
2021-07-09,866811908074
2021-07-12,872053294616
2021-07-13,874128252202
2021-07-14,872899264566
2021-07-15,872344914304
2021-07-16,871247201089
2021-07-19,872204634809
2021-07-20,872574217435
2021-07-21,876263677708
2021-07-22,881145142633
2021-07-23,881396553942
2021-07-26,884072314143
2021-07-27,881974200598
2021-07-28,875017626385
2021-07-29,877935876728
2021-07-30,875692505732
2021-08-02,880443503451
2021-08-03,879217994964
2021-08-04,881972881172
2021-08-05,882804292001
2021-08-06,884172429529
2021-08-09,887076996399
2021-08-10,887179157175
2021-08-11,889399169595
2021-08-12,893309284237
2021-08-13,891183785513
2021-08-16,890815556382
2021-08-17,885923828822
2021-08-18,887500266893
2021-08-19,884683739098
2021-08-20,882309838568
2021-08-23,890417780550
2021-08-24,893429651301
2021-08-25,895334183375
2021-08-26,898406898219
2021-08-27,894912847257
2021-08-30,899089666980
2021-08-31,899385982475
2021-09-01,901344977545
2021-09-02,902656833418
2021-09-03,900676269106
2021-09-06,906099410796
2021-09-07,910090394094
2021-09-08,916346887959
2021-09-09,922785428017
2021-09-10,923583113669
2021-09-13,930764129760
2021-09-14,931887499426
2021-09-15,933956191047
2021-09-16,928450655117
2021-09-17,918229550357
2021-09-22,922535888976
2021-09-23,926721903101
2021-09-24,921279018246
2021-09-27,914364873491
2021-09-28,912997702505
2021-09-29,906996167002
2021-09-30,896254829811
2021-10-08,901386226189
2021-10-11,902622940053
2021-10-12,900741231360
2021-10-13,898870170634
2021-10-14,898738267985
2021-10-15,895814114221
2021-10-18,901100271885
2021-10-19,902716530777
2021-10-20,905782630328
2021-10-21,906155333844
2021-10-22,903152283548
2021-10-25,905911108778
2021-10-26,908601388757
2021-10-27,910663397709
2021-10-28,906812813649
2021-10-29,903863548830
2021-11-01,904908107430
2021-11-02,902216238930
2021-11-03,900087292307
2021-11-04,902439884671
2021-11-05,895795759951
2021-11-08,896875925401
2021-11-09,898707817919
2021-11-10,899331842771
2021-11-11,899651946243
2021-11-12,896986190333
2021-11-15,897001566079
2021-11-16,895203793301
2021-11-17,896710208816
2021-11-18,897810789912
2021-11-19,896957362621
2021-11-22,902371955149
2021-11-23,904116936824
2021-11-24,904574071421
2021-11-25,905679295346
2021-11-26,904436858616
2021-11-29,906873810702
2021-11-30,908483085484
2021-12-01,910308466514
2021-12-02,908489878210
2021-12-03,907443980718
2021-12-06,907463353414
2021-12-07,906117771051
2021-12-08,907881320453
2021-12-09,908880092802
2021-12-10,910033221248
2021-12-13,913950078858
2021-12-14,915338431382
2021-12-15,917286307636
2021-12-16,916542583380
2021-12-17,912380095462
2021-12-20,911283958963
2021-12-21,910211617764
2021-12-22,910705749396
2021-12-23,910955003301
2021-12-24,905742911873
2021-12-27,907936630520
2021-12-28,909665874508
2021-12-29,908622510506
2021-12-30,908562701859
2021-12-31,903074844982
2022-01-04,906057651977
2022-01-05,904167215798
2022-01-06,904082746979
2022-01-07,895813442330
2022-01-10,896873723408
2022-01-11,896737126432
2022-01-12,898405575020
2022-01-13,897215444391
2022-01-14,895539506386
2022-01-17,896735334253
2022-01-18,895190092705
2022-01-19,892008945432
2022-01-20,886686826861
2022-01-21,881353735363
2022-01-24,879433636370
2022-01-25,875761757447
2022-01-26,872693075234
2022-01-27,868250393955
2022-01-28,854740314467
2022-02-07,855901800819
2022-02-08,854484927188
2022-02-09,854850368933
2022-02-10,853570690387
2022-02-11,849788559074
2022-02-14,852506500811
2022-02-15,853614767892
2022-02-16,853461937896
2022-02-17,853470424387
2022-02-18,851255690984
2022-02-21,854404344357
2022-02-22,856149573287
2022-02-23,859158753274
2022-02-24,859170791373
2022-02-25,857890092841
2022-02-28,858010482942
2022-03-01,858304931586
2022-03-02,859052842301
2022-03-03,858343094456
2022-03-04,856218564496
2022-03-07,859249648231
2022-03-08,859765307764
2022-03-09,856888363483
2022-03-10,855756680056
2022-03-11,853309031318
2022-03-14,854517735470
2022-03-15,848623434249
2022-03-16,846194275056
2022-03-17,843697373088
2022-03-18,837539032759
2022-03-21,840383540777
2022-03-22,840092127566
2022-03-23,840333260621
2022-03-24,839618088604
2022-03-25,837409442628
2022-03-28,836838011083
2022-03-29,835896947038
2022-03-30,837963805834
2022-03-31,834878658068
2022-04-01,829794726178
2022-04-06,833503942754
2022-04-07,831706002323
2022-04-08,828836634090
2022-04-11,825857374580
2022-04-12,824919866194
2022-04-13,823145306933
2022-04-14,822208340708
2022-04-15,818388672866
2022-04-18,818459315143
2022-04-19,818341922489
2022-04-20,818724649829
2022-04-21,814245491550
2022-04-22,808088418338
2022-04-25,798777756593
2022-04-26,785342465926
2022-04-27,779434455889
2022-04-28,774383614466
2022-04-29,768384978166
2022-05-05,770358757845
2022-05-06,770636270872
2022-05-09,772594360832
2022-05-10,773026055278
2022-05-11,775240016082
2022-05-12,775606280676
2022-05-13,774154774214
2022-05-16,775727439591
2022-05-17,775207185635
2022-05-18,776847783482
2022-05-19,777272455643
2022-05-20,775382706063
2022-05-23,778251389141
2022-05-24,776297399896
2022-05-25,776948782318
2022-05-26,776861193425
2022-05-27,773904370625
2022-05-30,775287251445
2022-05-31,775391474256
2022-06-01,775888801375
2022-06-02,774052689799
2022-06-06,779744766199
2022-06-07,782087338586
2022-06-08,782800121321
2022-06-09,783308464450
2022-06-10,782256232225
2022-06-13,788358540702
2022-06-14,790607292252
2022-06-15,793609922510
2022-06-16,795756728177
2022-06-17,793940350029
2022-06-20,798401593884
2022-06-21,796791144096
2022-06-22,799032181409
2022-06-23,799470136679
2022-06-24,799101774063
2022-06-27,804152526967
2022-06-28,808027652202
2022-06-29,807930379714
2022-06-30,810173314834
2022-07-01,807893323016
2022-07-04,811494011440
2022-07-05,813443887342
2022-07-06,815649145513
2022-07-07,816739788005
2022-07-08,815301810057
2022-07-11,815819236317
2022-07-12,814427103321
2022-07-13,814864156128
2022-07-14,816457913392
2022-07-15,814971261389
2022-07-18,816693870032
2022-07-19,818368021163
2022-07-20,819291476832
2022-07-21,820120344143
2022-07-22,819125924113
2022-07-25,818877487640
2022-07-26,818271843241
2022-07-27,819846008863
2022-07-28,820081385003
2022-07-29,818061069544
2022-08-01,818992456447
2022-08-02,813462510618
2022-08-03,812291833769
2022-08-04,813705139650
2022-08-05,813049843823
2022-08-08,814640869080
2022-08-09,816962196621
2022-08-10,818375102481
2022-08-11,818175734041
2022-08-12,815776022678
2022-08-15,817951632910
2022-08-16,819254198291
2022-08-17,820026080300
2022-08-18,821505494211
2022-08-19,818796898343
2022-08-22,819764989605
2022-08-23,821273324019
2022-08-24,818520354358
2022-08-25,816965812332
2022-08-26,813729709479
2022-08-29,814151763169
2022-08-30,812992456940
2022-08-31,807729362103
2022-09-01,805956223789
2022-09-02,804547309813
2022-09-05,804717543345
2022-09-06,803513344268
2022-09-07,804203104743
2022-09-08,802936935915
2022-09-09,797665884010
2022-09-13,799641281579
2022-09-14,799281463122
2022-09-15,796544742207
2022-09-16,793641670445
2022-09-19,791758426442
2022-09-20,792317272001
2022-09-21,792373742514
2022-09-22,791371965565
2022-09-23,787247836470
2022-09-26,785774425677
2022-09-27,785240104940
2022-09-28,781113221616
2022-09-29,778830915826
2022-09-30,770623751931
2022-10-10,771203514053
2022-10-11,770735102720
2022-10-12,771370482389
2022-10-13,772376809092
2022-10-14,772023311463
2022-10-17,773363951153
2022-10-18,773992838909
2022-10-19,775306396795
2022-10-20,776269929247
2022-10-21,773692767359
2022-10-24,774821459548
2022-10-25,773969828275
2022-10-26,775833466675
2022-10-27,774796204610
2022-10-28,768599549673
2022-10-31,768736970587
2022-11-01,769667966856
2022-11-02,770284229577
2022-11-03,772623348328
2022-11-04,772462692744
2022-11-07,775900520228
2022-11-08,777224082043
2022-11-09,777824824498
2022-11-10,777550981686
2022-11-11,773552787965
2022-11-14,773920229118
2022-11-15,775706762626
2022-11-16,775839406247
2022-11-17,777288642064
2022-11-18,774607255920
2022-11-21,777077218098
2022-11-22,776834636854
2022-11-23,777002601688
2022-11-24,776161135356
2022-11-25,772544316046
2022-11-28,772868801219
2022-11-29,773818172180
2022-11-30,771424149549
2022-12-01,773006882074
2022-12-02,772184356386
2022-12-05,776039754984
2022-12-06,776103539100
2022-12-07,777182938303
2022-12-08,777198575304
2022-12-09,776138478545
2022-12-12,779477957495
2022-12-13,778706150308
2022-12-14,777087007843
2022-12-15,777754941694
2022-12-16,774732973259
2022-12-19,773295688119
2022-12-20,773741005498
2022-12-21,772131190941
2022-12-22,770308253069
2022-12-23,767808102655
2022-12-26,769283179666
2022-12-27,768300105500
2022-12-28,766472799612
2022-12-29,766760403679
2022-12-30,762514201807
2023-01-03,764350187189
2023-01-04,764418863386
2023-01-05,764779384596
2023-01-06,763344296620
2023-01-09,764824244326
2023-01-10,764994925871
2023-01-11,763770671980
2023-01-12,762379933298
2023-01-13,759845686031
2023-01-16,760316664530
2023-01-17,758825329203
2023-01-18,756622347867
2023-01-19,755726974240
2023-01-20,747919975441
2023-01-30,758324039887
2023-01-31,761554614916
2023-02-01,765593071927
2023-02-02,767838008722
2023-02-03,768724731038
2023-02-06,771265612492
2023-02-07,773091617246
2023-02-08,773692157939
2023-02-09,773789184027
2023-02-10,772176553297
2023-02-13,775115514066
2023-02-14,776791296318
2023-02-15,778814595507
2023-02-16,777614732387
2023-02-17,775379729131
2023-02-20,777618595903
2023-02-21,778991977830
2023-02-22,780900121090
2023-02-23,781042560533
2023-02-24,780666428046
2023-02-27,780503115387
2023-02-28,780900136995
2023-03-01,781822473154
2023-03-02,781178829117
2023-03-03,780729766109
2023-03-06,783317669963
2023-03-07,782936967560
2023-03-08,784081753629
2023-03-09,785759082363
2023-03-10,783197568414
2023-03-13,783799930630
2023-03-14,786046973151
2023-03-15,786734165922
2023-03-16,787162950283
2023-03-17,786383574652
2023-03-20,787692438328
2023-03-21,788520782368
2023-03-22,789655461766
2023-03-23,791799900643
2023-03-24,792841223125
2023-03-27,796768269592
2023-03-28,797252237740
2023-03-29,796888526748
2023-03-30,797243830185
2023-03-31,795034645806
2023-04-03,798616296684
2023-04-04,798904170550
2023-04-06,803674047378
2023-04-07,802280042944
2023-04-10,801981114346
2023-04-11,801692525018
2023-04-12,804889674276
2023-04-13,803802923593
2023-04-14,802768804602
2023-04-17,804682524065
2023-04-18,804908546312
2023-04-19,805311386298
2023-04-20,807839232663
2023-04-21,804442630750
2023-04-24,805078300023
2023-04-25,801483664728
2023-04-26,798837650589
2023-04-27,796676029935
2023-04-28,791218147988
2023-05-04,795839338310
2023-05-05,793879016645
2023-05-08,798372769570
2023-05-09,800169991423
2023-05-10,801598265500
2023-05-11,801209857357
2023-05-12,798267472951
2023-05-15,799775256756
2023-05-16,798441709558
2023-05-17,799104757554
2023-05-18,800333234607
2023-05-19,798990859126
2023-05-22,797939206150
2023-05-23,797617811068
2023-05-24,798521240902
2023-05-25,798781795051
2023-05-26,796563903105
2023-05-29,796322875039
2023-05-30,796022808390
2023-05-31,796016352690
2023-06-01,796618537929
2023-06-02,793763018085
2023-06-05,794800775064
2023-06-06,793531616301
2023-06-07,792864051105
2023-06-08,791651918244
2023-06-09,789638708164
2023-06-12,791473411003
2023-06-13,790865774379
2023-06-14,790676904593
2023-06-15,790327545076
2023-06-16,788591168297
2023-06-19,789971120399
2023-06-20,791093597800
2023-06-21,787037186941
2023-06-26,787712188223
2023-06-27,787120957421
2023-06-28,786231800629
2023-06-29,786410667420
2023-06-30,783226088823
2023-07-03,783998849919
2023-07-04,783971478800
2023-07-05,784278132120
2023-07-06,784261635891
2023-07-07,782502584946
2023-07-10,783201237762
2023-07-11,782571583256
2023-07-12,781051055987
2023-07-13,779455604465
2023-07-14,778136066520
2023-07-17,779020474911
2023-07-18,778981466192
2023-07-19,779459367022
2023-07-20,777341748149
2023-07-21,775360683356
2023-07-24,774175758666
2023-07-25,773496328990
2023-07-26,773033707971
2023-07-27,772815264336
2023-07-28,771738791954
2023-07-31,776335930356
2023-08-01,777008041989
2023-08-02,779271737175
2023-08-03,780671615824
2023-08-04,781347963660
2023-08-07,783981992071
2023-08-08,784534538648
2023-08-09,783843970802
2023-08-10,783945120737
2023-08-11,781024673066
2023-08-14,781410434854
2023-08-15,781100855178
2023-08-16,780683965240
2023-08-17,781341249849
2023-08-18,779488941864
2023-08-21,780702810581
2023-08-22,780859067794
2023-08-23,779374566390
2023-08-24,778732166498
2023-08-25,774247931274
2023-08-28,777230010240
2023-08-29,779967475132
2023-08-30,780209182682
2023-08-31,779233172137
2023-09-01,776763712757
2023-09-04,779105502412
2023-09-05,780337204683
2023-09-06,781718041569
2023-09-07,780891295406
2023-09-08,779001626762
2023-09-11,790974243568
2023-09-12,794765813108
2023-09-13,797851219031
2023-09-14,798244489927
2023-09-15,799408861556
2023-09-18,801762703001
2023-09-19,801588926746
2023-09-20,801652657829
2023-09-21,802121565764
2023-09-22,801602446146
2023-09-25,802975697974
2023-09-26,802938147537
2023-09-27,803746732205
2023-09-28,795595784222
2023-10-09,801690693064
2023-10-10,804714607611
2023-10-11,805880232519
2023-10-12,807184297945
2023-10-13,806592107132
2023-10-16,808650956659
2023-10-17,808425392961
2023-10-18,808695220942
2023-10-19,811376046151
2023-10-20,811513004395
2023-10-23,812395870791
2023-10-24,812882427571
2023-10-25,812961564203
2023-10-26,812505287117
2023-10-27,810232952483
2023-10-30,814889500260
2023-10-31,815527162949
2023-11-01,817813626569
2023-11-02,815965385343
2023-11-03,813165051421
2023-11-06,819327277875
2023-11-07,821526092866
2023-11-08,824632593494
2023-11-09,825047825135
2023-11-10,825422662790
2023-11-13,827991882641
2023-11-14,830372804413
2023-11-15,832357807380
2023-11-16,832022057391
2023-11-17,831975601530
2023-11-20,835268167806
2023-11-21,834331560086
2023-11-22,834746932505
2023-11-23,834956462548
2023-11-24,832718672134
2023-11-27,833404572997
2023-11-28,833294508080
2023-11-29,833655196071
2023-11-30,832885252348
2023-12-01,832924455327
2023-12-04,834106455014
2023-12-05,834215113904
2023-12-06,834714468180
2023-12-07,836082635421
2023-12-08,834523805754
2023-12-11,835600321392
2023-12-12,836375013527
2023-12-13,837709803552
2023-12-14,837215537839
2023-12-15,837463560463
2023-12-18,836399914567
2023-12-19,836972616963
2023-12-20,834594703843
2023-12-21,834932767439
2023-12-22,831897728706
2023-12-25,831537266706
2023-12-26,830156676857
2023-12-27,830639021091
2023-12-28,832611883792
2023-12-29,828481994098
2024-01-02,831142083711
2024-01-03,830994385460
2024-01-04,832128138742
2024-01-05,828709528427
2024-01-08,828972334142
2024-01-09,826897619326
2024-01-10,825873985989
2024-01-11,826638502547
2024-01-12,823748027298
2024-01-15,824041494146
2024-01-16,822191705187
2024-01-17,822893295095
2024-01-18,819022418564
2024-01-19,815717641554
2024-01-22,809296563322
2024-01-23,807032444057
2024-01-24,805944834168
2024-01-25,807617147167
2024-01-26,804655756758
2024-01-29,804126169828
2024-01-30,800244506696
2024-01-31,792490224505
2024-02-01,786837967330
2024-02-02,773647722879
2024-02-05,755217822166
2024-02-06,748333302910
2024-02-07,742019354720
2024-02-08,732814563056
2024-02-19,740227803446
2024-02-20,742793395834
2024-02-21,745300060748
2024-02-22,747723231736
2024-02-23,749492807896
2024-02-26,754228891893
2024-02-27,759679567384
2024-02-28,761394539302
2024-02-29,763588251469
2024-03-01,763998784017
2024-03-04,767875774743
2024-03-05,765543467209
2024-03-06,767831575541
2024-03-07,767238154523
2024-03-08,767076407729
2024-03-11,771735920375
2024-03-12,775628762488
2024-03-13,779391222769
2024-03-14,780046280509
2024-03-15,778595728857
2024-03-18,785238788824
2024-03-19,788123561308
2024-03-20,791579255249
2024-03-21,794558886114
2024-03-22,792367700490
2024-03-25,791901990178
2024-03-26,791648382622
2024-03-27,790056026671
2024-03-28,791483877673
2024-03-29,788604704752
2024-04-01,791941850462
2024-04-02,792650902165
2024-04-03,789444473453
2024-04-08,792257829262
2024-04-09,792537585653
2024-04-10,791062513076
2024-04-11,790606930947
2024-04-12,789517214620
2024-04-15,788882659697
2024-04-16,786232639980
2024-04-17,788806155953
2024-04-18,790046778078
2024-04-19,787930724525
2024-04-22,787929072445
2024-04-23,786254233863
2024-04-24,785321617854
2024-04-25,784558673597
2024-04-26,783866647546
2024-04-29,787327315790
2024-04-30,779461836084
2024-05-06,787790499055
2024-05-07,789311964241
2024-05-08,790972569690
2024-05-09,791298030035
2024-05-10,790829373066
2024-05-13,792363204543
2024-05-14,793905998906
2024-05-15,793316171463
2024-05-16,794531737028
2024-05-17,791176970437
2024-05-20,791845812829
2024-05-21,792746660438
2024-05-22,793148030302
2024-05-23,792160302563
2024-05-24,789056561769
2024-05-27,788711455730
2024-05-28,788822130899
2024-05-29,788433019337
2024-05-30,788613622634
2024-05-31,786948396207
2024-06-03,786377890389
2024-06-04,784168558915
2024-06-05,783952108368
2024-06-06,782007095818
2024-06-07,778301107436
2024-06-11,781944510323
2024-06-12,782314849008
2024-06-13,782907000391
2024-06-14,780964504299
2024-06-17,782964014854
2024-06-18,784295044737
2024-06-19,783435205481
2024-06-20,781683922089
2024-06-21,778854571234
2024-06-24,776285059177
2024-06-25,772634470591
2024-06-26,772054530413
2024-06-27,770257844269
2024-06-28,766497289908
2024-07-01,765658553562
2024-07-02,765841762398
2024-07-03,765737695477
2024-07-04,762110030420
2024-07-05,759423798637
2024-07-08,756755681180
2024-07-09,756091803578
2024-07-10,754728176771
2024-07-11,754826838907
2024-07-12,751929369568
2024-07-15,750396440884
2024-07-16,749061682416
2024-07-17,746642183806
2024-07-18,744135145022
2024-07-19,740602433300
2024-07-22,742713939268
2024-07-23,741544599301
2024-07-24,739984379926
2024-07-25,740078516108
2024-07-26,738714451618
2024-07-29,739362322064
2024-07-30,739775335240
2024-07-31,741896882387
2024-08-01,742793992998
2024-08-02,741359830054
2024-08-05,739818172372
2024-08-06,740775446219
2024-08-07,740538204386
2024-08-08,740311931631
2024-08-09,739820558982
2024-08-12,739294913283
2024-08-13,739609113886
2024-08-14,739725384912
2024-08-15,738235739847
2024-08-16,736117355213
2024-08-19,735845825682
2024-08-20,735749560342
2024-08-21,735199955823
2024-08-22,732035606499
2024-08-23,729197010072
2024-08-26,729108878020
2024-08-27,727302602430
2024-08-28,726405581174
2024-08-29,727009320287
2024-08-30,727392495681
2024-09-02,728468088480
2024-09-03,728446866207
2024-09-04,728028796228
2024-09-05,727592617080
2024-09-06,725391397412
2024-09-09,725750772848
2024-09-10,725804249926
2024-09-11,724719503933
2024-09-12,723860499312
2024-09-13,719776282455
2024-09-18,719186405254
2024-09-19,720298592968
2024-09-20,718116339596
2024-09-23,717761015028
2024-09-24,717264509182
2024-09-25,715952976997
2024-09-26,716840036786
2024-09-27,722622172263
2024-09-30,750255842337
2024-10-08,805924955389
2024-10-09,824911948198
2024-10-10,826812806408
2024-10-11,823386486778
2024-10-14,826563737960
2024-10-15,827842917705
2024-10-16,826912817605
2024-10-17,828489901354
2024-10-18,836246672541
2024-10-21,846948646793
2024-10-22,851496247240
2024-10-23,854801769061
2024-10-24,858314485171
2024-10-25,859977091153
2024-10-28,866825658131
2024-10-29,867671497826
2024-10-30,871859506573
2024-10-31,876630728168
2024-11-01,873497765288
2024-11-04,879559251402
2024-11-05,890684772868
2024-11-06,902341939873
2024-11-07,915849059176
2024-11-08,924230512864
2024-11-11,942114058709
2024-11-12,944827518751
2024-11-13,948225611563
2024-11-14,945413470996
2024-11-15,942160415500
2024-11-18,941931413907
2024-11-19,943641325522
2024-11-20,945436591119
2024-11-21,946833680677
2024-11-22,942138257073
2024-11-25,942939649367
2024-11-26,941065222693
2024-11-27,942057449350
2024-11-28,943253754490
2024-11-29,945897197131
2024-12-02,949414897920
2024-12-03,949611483673
2024-12-04,949764176036
2024-12-05,952135960524
2024-12-06,951230708261
2024-12-09,951453513614
2024-12-10,956648446126
2024-12-11,959166669434
2024-12-12,961758282389
2024-12-13,957299883806
2024-12-16,956868983361
2024-12-17,954981038230
2024-12-18,955344734903
2024-12-19,956504384519
2024-12-20,959699763814
2024-12-23,956144920489
2024-12-24,956800015587
2024-12-25,955699365165
2024-12-26,956843753174
2024-12-27,955223986645
2024-12-30,956451973149
2024-12-31,949504401354
2025-01-02,948028697338
2025-01-03,940349502202
2025-01-06,936940484542
2025-01-07,936619486694
2025-01-08,934798277212
2025-01-09,934699072676
2025-01-10,931847072917
2025-01-13,931498491977
2025-01-14,934983756674
2025-01-15,935243523067
2025-01-16,935572524508
2025-01-17,931949689547
2025-01-20,931550947430
2025-01-21,931833618165
2025-01-22,932612094200
2025-01-23,929453719597
2025-01-24,923170752645
2025-01-27,906836932381
2025-02-05,917392767343
2025-02-06,923656820579
2025-02-07,928035285866
2025-02-10,936541604647
2025-02-11,939146823237
2025-02-12,941142844137
2025-02-13,940585522678
2025-02-14,941352939939
2025-02-17,949158718589
2025-02-18,945424585208
2025-02-19,950398196565
2025-02-20,953302647173
2025-02-21,956706096115
2025-02-24,960817195447
2025-02-25,963879747065
2025-02-26,968281688463
2025-02-27,967908224325
2025-02-28,960907206926
2025-03-03,959710302382
2025-03-04,959104687354
2025-03-05,959407691107
2025-03-06,965326732669
2025-03-07,961683902616
2025-03-10,965980054878
2025-03-11,965795797513
2025-03-12,970925278485
2025-03-13,968166630947
2025-03-14,967761631056
2025-03-17,971314793092
2025-03-18,974837417875
2025-03-19,974998389156
2025-03-20,976925908288
2025-03-21,971655569946
2025-03-24,969786080222
2025-03-25,968943026169
2025-03-26,969473222868
2025-03-27,968417545674
2025-03-28,967213232779
2025-03-31,967026910148
2025-04-01,964915147379
2025-04-02,963373933304
2025-04-03,958806215111
2025-04-07,939658581632
2025-04-08,921356014088
2025-04-09,919376233259
2025-04-10,920719496266
2025-04-11,918221823420
2025-04-14,922753835196
2025-04-15,922346969118
2025-04-16,919159004275
2025-04-17,916979946296
2025-04-18,913644906996
2025-04-21,916757890120
2025-04-22,914550232887
2025-04-23,914825452131
2025-04-24,913255772009
2025-04-25,909951876584
2025-04-28,910621691549
2025-04-29,910476190696
2025-04-30,902297294171
2025-05-06,908236842318
2025-05-07,911175339517
2025-05-08,911157862069
2025-05-09,909217878305
2025-05-12,909791926143
2025-05-13,909632087491
2025-05-14,909505314379
2025-05-15,908349137943
2025-05-16,907427084606
2025-05-19,909657468124
2025-05-20,909602494527
2025-05-21,908672788726
2025-05-22,907535824938
2025-05-23,905471558442
2025-05-26,907963207363
2025-05-27,910228044137
2025-05-28,909986392086
2025-05-29,908382726705
2025-05-30,905065691813
2025-06-03,906539733658
2025-06-04,907551168910
2025-06-05,909498147688
2025-06-06,907272972139
2025-06-09,911410866748
2025-06-10,912341653816
2025-06-11,913354209893
2025-06-12,915167037266
2025-06-13,912955300781
2025-06-16,916289694734
2025-06-17,919989046739
2025-06-18,920011904287
2025-06-19,915255863687
2025-06-20,911053174880
2025-06-23,913051422559
2025-06-24,914622047518
2025-06-25,916809346278
2025-06-26,920244377739
2025-06-27,921606906801
2025-06-30,925418708645
2025-07-01,926895132373
2025-07-02,928080643653
2025-07-03,928887433388
2025-07-04,925702841567
2025-07-07,928827818949
2025-07-08,931076466397
2025-07-09,932960493605
2025-07-10,935691412605
2025-07-11,937752116945
2025-07-14,942837358485
2025-07-15,945528632364
2025-07-16,950076970726
2025-07-17,952872205457
2025-07-18,952191948293
2025-07-21,959608797230
2025-07-22,969571695398
2025-07-23,970692921044
2025-07-24,973054656825
2025-07-25,978189855705
2025-07-28,989896449187
2025-07-29,1000835545965
2025-07-30,1001228435294
2025-07-31,1000962510610
2025-08-01,998672967968
2025-08-04,1005089414853
2025-08-05,1009444473177
2025-08-06,1013209625471
2025-08-07,1013801673272
2025-08-08,1012720239760
2025-08-11,1021792143441
2025-08-12,1025570739113
2025-08-13,1029063342369
2025-08-14,1033902792626
2025-08-15,1037756675565
2025-08-18,1057181453687
2025-08-19,1073793365520
2025-08-20,1081643142709
2025-08-21,1078533040383
2025-08-22,1084422264740
2025-08-25,1101191689087
2025-08-26,1111818503020
2025-08-27,1123366079378
2025-08-28,1132570872138
2025-08-29,1140926430398
2025-09-01,1160569079901
2025-09-02,1158103408143
2025-09-03,1157433653512
2025-09-04,1152873400598
2025-09-05,1155650042274
2025-09-08,1166259101553
2025-09-09,1171038610850
2025-09-10,1173348380718
2025-09-11,1176441846643
2025-09-12,1183985455849
2025-09-15,1193651838103
2025-09-16,1205855997868
2025-09-17,1209726836235
2025-09-18,1209224986941
2025-09-19,1207639982663
2025-09-22,1218337102598
2025-09-23,1216573602443
2025-09-24,1223547870961
2025-09-25,1230143924167
2025-09-26,1218854850267
2025-09-29,1223395169661
2025-09-30,1208617882705
2025-10-09,1233249540315
2025-10-10,1230684574757
2025-10-13,1233642293902
2025-10-14,1234622701292
2025-10-15,1236365992629
2025-10-16,1237780502057
2025-10-17,1224047953848
2025-10-20,1222028591866
2025-10-21,1228525092925
2025-10-22,1233014133480
2025-10-23,1232014143922
2025-10-24,1235000302822
2025-10-27,1246506855788
2025-10-28,1252496637936
2025-10-29,1257413401254
2025-10-30,1253578067034
2025-10-31,1249924363716
2025-11-03,1255284930321
2025-11-04,1254595845948
2025-11-05,1254887414434
2025-11-06,1261172891066
2025-11-07,1256749257881
2025-11-10,1259999647179
2025-11-11,1263197439228
2025-11-12,1260874320120
2025-11-13,1258607971942
2025-11-14,1253180360926
2025-11-17,1257015227419
2025-11-18,1260313161359
2025-11-19,1257008488721
2025-11-20,1251906950837
2025-11-21,1239681215625
2025-11-24,1239032782361
2025-11-25,1240398370695
2025-11-26,1242823709564
2025-11-27,1243317159526
2025-11-28,1243334608699
2025-12-01,1248616676210
2025-12-02,1248727375910
2025-12-03,1246989558940
2025-12-04,1247616304027
2025-12-05,1246300715403
2025-12-08,1254466290886
2025-12-09,1258550150923
2025-12-10,1258675029684
2025-12-11,1257022621848
2025-12-12,1252369646071
2025-12-15,1255499323207
2025-12-16,1261042135620
2025-12-17,1259774699017
2025-12-18,1255433608103
2025-12-19,1257616065098
2025-12-22,1263436859867
2025-12-23,1271201780307
2025-12-24,1275596245962
2025-12-25,1273352376369
2025-12-26,1271086234902
2025-12-29,1273965468535
2025-12-30,1278285296119
2025-12-31,1268796062622
2026-01-05,1277035784652
2026-01-06,1285898834239
2026-01-07,1298214640818
2026-01-08,1306006162278
2026-01-09,1309333101994
2026-01-12,1327919906814
2026-01-13,1331269993389
2026-01-14,1339530229868
2026-01-15,1348708301293
2026-01-16,1361765598205
2026-01-19,1360663928801
2026-01-20,1352775686018
2026-01-21,1362861930351
2026-01-22,1365143170716
2026-01-23,1365416506544
2026-01-26,1366798503378
2026-01-27,1365540768782
2026-01-28,1379075454676
2026-01-29,1376413497488
2026-01-30,1362922122502
2026-02-02,1361751136143
2026-02-03,1357388113443
2026-02-04,1348431797776
2026-02-05,1343476557854
2026-02-06,1335857650715
2026-02-09,1336256730195
2026-02-10,1334739401256
2026-02-11,1325946405377
2026-02-12,1330447990665
2026-02-13,1300667234815
2026-02-24,1316886917013
2026-02-25,1330832293401
2026-02-26,1339956696186
2026-02-27,1340872565672
2026-03-02,1343687049267
2026-03-03,1333864385539
2026-03-04,1331597450973
2026-03-05,1334400290251
2026-03-06,1331227236116
2026-03-09,1333276798688
2026-03-10,1336711949377
2026-03-11,1335979974200
2026-03-12,1339424529438
2026-03-13,1335165438835
2026-03-16,1340247410984
2026-03-17,1336356085559
2026-03-18,1337849683232
2026-03-19,1336809203768
2026-03-20,1328720086554
2026-03-23,1323794188127
2026-03-24,1321896000206
2026-03-25,1321758624861
2026-03-26,1321369177440
2026-03-27,1315693648745
2026-03-30,1319468230266
2026-03-31,1316614258911
2026-04-01,1316447409207
2026-04-02,1311104175276
2026-04-03,1302837239635
2026-04-07,1303437424328
2026-04-08,1310046005809
2026-04-09,1312993564374
2026-04-10,1315660195826
2026-04-13,1323553612731
2026-04-14,1331246622231
2026-04-15,1335974887351
2026-04-16,1340806749213
2026-04-17,1341425419759
2026-04-20,1355630173016
2026-04-21,1358906781144
2026-04-22,1366574275528
2026-04-23,1367612094993
2026-04-24,1364539928838
2026-04-27,1373866597092
2026-04-28,1373440361754
2026-04-29,1378454050849
2026-04-30,1370928661457
2026-05-06,1393527726696
2026-05-07,1409189855541
2026-05-08,1416687834289
2026-05-11,1432551019603
2026-05-12,1440756886236
2026-05-13,1452354118052
2026-05-14,1456219229613
2026-05-15,1452319161694
2026-05-18,1462277198387
2026-05-19,1465278698973
2026-05-20,1470302212115
2026-05-21,1467527516709
2026-05-22,1468801309416
2026-05-25,1480857012649
2026-05-26,1484678273574
2026-05-27,1486005873872
2026-05-28,1489552701297
2026-05-29,1472246436880
2026-06-01,1468189116504
2026-06-02,1469024532904
2026-06-03,1474244276164
2026-06-04,1476743330571
2026-06-05,1465446567832
2026-06-08,1453703702150
2026-06-09,1452222353096
2026-06-10,1447857826630
2026-06-11,1448246655510
2026-06-12,1448895770788
2026-06-15,1461767264864
2026-06-16,1473688751456
2026-06-17,1488211916696
2026-06-18,1495185799372
2026-06-22,1505558433764
2026-06-23,1504565483004
2026-06-24,1510274044181
2026-06-25,1521114083765
2026-06-26,1513064112108
2026-06-29,1505221517345
2026-06-30,1516908428874
2026-07-01,1519687927976
2026-07-02,1514964123028
2026-07-03,1501764189120
2026-07-06,1494116860023
2026-07-07,1488227749145
2026-07-08,1480449027515
2026-07-09,1479246671872
2026-07-10,1471271507002
2026-07-13,1457517049177
2026-07-14,1452014185914
2026-07-15,1444782928188
2026-07-16,1430821453142
2026-07-17,1392832663141
2026-07-20,1362746855721
2026-07-21,1363597390293
2026-07-22,1363230592667
2026-07-23,1358642831879
2026-07-24,1350644344774
2026-07-27,1364314690178
2026-07-28,1349011533515
2026-07-29,1336695445485
2026-07-30,1322212164988
2026-07-31,1327398268667
2026-08-03,1323258064454
2026-08-04,1329406737362
2026-08-05,1335388902023
2026-08-06,1340276883602
2026-08-07,1344617540893
2026-08-10,1350088413944
2026-08-11,1350423724690
2026-08-12,1355236713043
2026-08-13,1356308222032
2026-08-14,1354997636588
2026-08-17,1364849998987
2026-08-18,1367266660861
2026-08-19,1353655859899
2026-08-20,1352435512838
2026-08-21,1348816378445
2026-08-24,1346470663835
2026-08-25,1346573687742
2026-08-26,1344146434619
2026-08-27,1349074928033
2026-08-28,1342943855079
2026-08-31,1347524292617
2026-09-01,1346761287237
2026-09-02,1345009259547
2026-09-03,1342763630194
